2,77,0,18,0,0
18,77,0,17,0,0
36,78,0,17,0,0
54,78,0,17,0,0
72,79,0,17,0,0
90,76,0,18,0,0
108,77,0,17,0,0
128,77,0,18,0,0
146,77,0,17,0,0
166,79,0,17,0,0
184,78,0,18,0,0
203,80,0,18,0,0
222,80,0,18,0,0
241,81,0,18,0,0
260,80,0,17,0,0
299,79,0,18,0,0
317,79,0,18,0,0
337,82,0,18,0,0
355,84,0,18,0,0
374,82,0,18,0,0
393,83,0,17,0,0
412,84,0,18,0,0
431,84,0,17,0,0
450,83,0,17,0,0
469,81,0,17,0,0
488,83,0,17,0,0
508,82,0,17,0,0
526,83,0,17,0,0
545,82,0,17,0,0
583,83,0,17,0,0
602,83,0,18,0,0
621,84,0,17,0,0
640,84,0,17,0,0
659,83,0,17,0,0
679,85,0,17,0,0
716,132,0,17,0,0
736,119,0,16,0,0
756,119,0,20,0,15
778,81,0,20,0,16
797,72,0,16,0,97
818,76,0,17,0,102
839,87,2,18,0,105
860,99,4,16,0,106
881,103,2,28,0,104
904,122,3,27,0,103
925,130,52,27,0,111
949,134,63,32,0,112
972,131,62,28,0,111
996,128,63,19,0,109
1020,160,58,3,0,104
1042,155,7,6,0,108
1065,113,3,9,0,106
1087,111,2,11,0,88
1109,94,1,10,0,0
1150,84,22,4,0,100
1171,109,9,13,0,0
1193,112,1,13,0,0
1214,121,14,13,0,15
1237,127,28,12,0,100
1261,130,46,16,0,108
1286,127,38,16,0,107
1310,133,40,4,0,107
1334,145,51,10,0,109
1358,147,61,21,0,108
1383,160,61,38,0,108
1407,162,65,33,0,111
1431,166,67,27,0,111
1456,164,65,29,0,98
1479,162,64,25,0,110
1504,118,61,33,0,107
1528,119,10,17,0,0
1550,115,3,6,0,106
1572,109,1,6,0,107
1595,113,1,5,0,107
1617,111,2,6,0,103
1639,110,0,12,0,103
1663,113,0,14,0,102
1686,115,0,15,0,107
1710,118,0,16,0,109
1732,116,0,6,0,108
1755,117,1,18,0,107
1778,120,2,22,0,106
1802,122,3,24,0,109
1824,128,59,34,0,78
1848,141,59,55,0,19
1871,139,61,55,0,109
1896,145,60,41,0,109
1921,142,61,46,0,106
1945,139,60,40,0,108
1969,138,55,38,0,107
1993,131,58,40,0,0
2016,128,57,38,0,100
2040,125,55,36,0,99
2064,119,36,20,0,103
2089,116,34,20,0,0
2110,116,33,20,0,0
2133,116,0,21,0,0
2154,117,0,18,0,0
2175,119,0,17,0,0
2196,120,2,26,0,107
2220,121,46,30,0,107
2244,122,45,32,0,96
2267,124,52,28,0,107
2291,126,56,40,0,108
2316,129,56,43,0,102
2340,179,60,51,0,107
2365,170,60,56,0,107
2390,136,58,53,0,106
2414,135,59,54,0,99
2437,132,58,45,0,0
2459,131,56,42,0,0
2482,126,55,50,0,92
2505,124,8,46,0,102
2528,122,1,34,0,106
2551,117,45,28,0,0
2574,114,10,18,0,0
2596,115,3,17,0,0
2617,114,2,17,0,0
2638,117,3,17,0,0
2660,117,3,18,0,0
2680,118,3,19,0,106
2704,121,1,39,0,105
2728,126,1,41,0,101
2751,132,4,44,0,106
2775,150,54,45,0,107
2798,181,58,45,0,106
2823,184,61,61,0,104
2847,185,61,64,0,107
2872,185,60,47,0,106
2897,184,59,52,0,105
2921,183,57,44,0,0
2943,149,53,41,0,96
2966,128,58,48,0,97
2990,128,1,42,0,106
3013,131,6,36,0,106
3037,125,47,37,0,0
3058,121,10,29,0,93
3082,120,2,20,0,87
3104,117,1,20,0,86
3126,118,2,34,0,90
3148,119,1,39,0,96
3171,120,0,42,0,99
3193,123,4,44,0,104
3216,124,3,45,0,103
3240,133,3,47,0,99
3262,172,49,42,0,103
3287,183,59,54,0,104
3311,185,60,78,0,107
3335,188,59,68,0,106
3359,187,60,53,0,103
3384,186,61,46,0,106
3409,136,59,43,0,90
3432,167,48,48,0,93
3456,165,47,39,0,106
3479,162,46,42,0,106
3504,162,47,36,0,103
3528,159,12,29,0,0
3551,152,3,26,0,0
3572,151,2,18,0,0
3593,153,3,27,0,0
3614,153,3,28,0,104
3638,155,0,37,0,99
3659,157,46,42,0,102
3684,159,46,45,0,102
3709,160,48,46,0,94
3732,165,49,50,0,96
3756,206,56,54,0,101
3780,193,60,75,0,106
3804,191,59,68,0,107
3828,188,59,60,0,102
3853,201,60,45,0,100
3878,182,59,43,0,103
3902,180,51,47,0,103
3927,175,48,38,0,106
3951,174,46,34,0,104
3975,173,45,29,0,0
4019,169,11,26,0,0
4041,168,12,19,0,0
4063,169,4,29,0,0
4084,170,45,31,0,96
4108,172,47,36,0,106
4132,172,48,39,0,99
4155,173,48,40,0,105
4180,176,50,47,0,103
4204,180,56,52,0,103
4229,220,49,63,0,101
4253,202,60,74,0,107
4278,160,58,65,0,107
4301,161,57,62,0,107
4326,169,58,46,0,106
4351,172,50,43,0,88
4374,170,47,49,0,88
4398,165,48,44,0,105
4422,167,47,42,0,101
4446,171,47,36,0,94
4469,168,44,34,0,0
4492,165,4,32,0,0
4513,165,5,25,0,0
4534,165,5,33,0,0
4555,166,4,34,0,99
4578,169,46,35,0,103
4602,169,47,34,0,106
4626,170,47,40,0,105
4651,172,48,43,0,67
4674,173,48,50,0,106
4699,174,53,55,0,107
4723,177,85,59,0,80
4747,181,84,66,0,109
4770,180,58,62,0,108
4795,181,57,54,0,107
4820,178,57,44,0,0
4842,176,49,37,0,0
4865,178,48,43,0,89
4887,178,48,39,0,72
4911,175,47,30,0,102
4935,173,47,20,0,99
4959,172,3,16,0,95
4981,171,3,15,0,0
5002,171,3,16,0,0
5023,173,45,18,0,102
5048,174,46,16,0,105
5073,176,47,17,0,107
5096,178,47,29,0,106
5121,180,51,37,0,105
5145,177,81,37,0,106
5170,184,85,43,0,107
5194,184,89,54,0,107
5219,179,92,54,0,109
5244,179,62,45,0,109
5267,180,62,43,0,105
5292,181,61,36,0,94
5315,179,60,29,0,76
5339,173,55,27,0,97
5362,167,48,22,0,89
5385,168,47,28,0,97
5408,167,47,20,0,53
5432,168,46,15,0,97
5455,169,1,15,0,0
5476,166,2,15,0,0
5497,168,45,15,0,91
5521,167,47,10,0,102
5546,166,47,16,0,107
5570,168,47,20,0,107
5595,171,48,28,0,106
5618,172,57,33,0,89
5642,178,72,35,0,107
5666,161,72,37,0,107
5691,168,100,45,0,108
5717,166,63,41,0,107
5741,161,63,34,0,107
5766,149,61,29,0,107
5789,132,53,27,0,0
5812,163,50,25,0,79
5835,157,56,19,0,99
5859,159,50,7,0,102
5881,149,46,19,0,88
5905,142,46,10,0,0
5928,155,1,15,0,0
5949,153,1,14,0,0
5970,140,46,14,0,86
5993,139,47,15,0,89
6017,111,47,18,0,107
6041,157,55,27,0,107
6066,169,56,24,0,78
6088,168,59,31,0,98
6112,171,60,40,0,107
6136,160,63,44,0,107
6161,135,67,59,0,107
6186,136,64,54,0,107
6210,136,64,49,0,105
6235,136,64,37,1,107
6258,150,63,34,0,102
6283,151,60,40,0,87
6306,165,57,29,0,93
6330,165,55,18,0,94
6354,161,53,22,0,98
6376,155,78,16,0,94
6400,155,53,18,0,88
6423,153,76,17,0,100
6448,144,54,17,0,105
6472,154,54,17,0,106
6497,151,55,19,0,107
6520,156,56,23,0,106
6545,158,64,26,0,104
6570,171,63,31,0,84
6593,165,65,39,0,109
6618,163,70,47,0,108
6642,171,71,42,0,108
6666,164,67,42,0,109
6690,163,66,38,0,108
6715,166,66,29,0,103
6740,157,64,35,0,92
6763,166,56,31,0,90
6787,165,79,21,0,99
6809,164,54,20,0,102
6834,167,48,18,0,104
6858,157,53,18,0,98
6882,153,52,17,0,102
6906,158,54,18,0,105
6931,162,54,18,0,106
6955,173,53,20,0,107
6979,174,54,20,0,107
7004,174,60,21,0,79
7027,178,59,30,0,89
7051,180,61,32,0,107
7075,182,62,40,0,108
7100,181,66,45,0,107
7124,183,69,46,0,109
7148,182,65,45,0,109
7173,181,114,44,0,107
7198,178,75,32,0,102
7223,174,68,34,0,87
7246,170,90,29,0,98
7269,167,105,18,0,106
7295,167,53,18,0,106
7319,169,52,18,0,105
7344,167,48,16,0,96
7367,173,51,17,0,94
7391,172,52,18,0,103
7415,171,55,19,0,106
7439,172,55,21,0,106
7464,172,60,19,0,101
7488,175,62,30,0,107
7513,176,64,33,0,107
7537,179,65,34,0,108
7562,182,69,46,0,108
7586,183,103,46,0,109
7611,180,100,48,0,109
7637,180,97,38,0,108
7661,178,92,29,0,92
7685,166,80,39,0,0
7707,166,60,30,0,89
7731,165,87,29,0,100
7754,167,66,20,0,105
7779,166,39,18,0,78
7802,164,49,17,0,0
7825,171,38,18,0,0
7870,170,40,18,0,97
7894,171,52,17,0,103
7918,171,54,16,0,104
7943,172,55,22,0,107
7967,174,59,31,0,88
7990,175,62,34,0,106
8014,179,70,36,0,106
8039,185,68,55,0,108
8064,189,76,71,0,107
8088,187,115,56,0,107
8114,187,114,52,0,107
8139,175,112,40,0,107
8165,174,102,37,0,89
8190,178,101,31,0,77
8213,178,113,30,0,94
8238,176,111,28,0,95
8262,176,99,21,0,96
8286,173,102,16,0,0
8309,170,63,19,0,0
8331,171,63,20,0,91
8354,174,67,21,0,89
8378,174,66,17,0,101
8403,173,67,29,0,104
8427,178,67,33,0,72
8451,178,68,33,0,100
8474,179,68,41,0,106
8499,185,71,55,0,107
8523,186,71,61,0,107
8548,187,122,72,0,107
8574,186,120,62,0,107
8599,185,120,56,0,107
8625,176,118,45,0,89
8649,170,111,40,0,94
8674,170,108,39,0,101
8698,168,112,36,0,98
8723,170,61,30,0,0
8746,170,60,27,0,0
8768,169,60,22,0,0
8790,168,72,20,0,0
8812,171,60,17,0,102
8837,171,61,31,0,102
8861,174,61,33,0,105
8886,174,64,36,0,107
8910,177,67,37,0,98
8933,179,69,46,0,106
8958,181,69,52,0,106
8982,183,70,59,0,106
9007,224,70,64,0,107
9031,183,93,61,0,105
9056,182,119,58,0,106
9081,182,114,43,0,107
9107,173,111,42,0,87
9131,172,79,37,0,93
9154,172,68,28,0,100
9179,170,66,35,0,105
9203,166,61,33,0,98
9227,167,74,35,0,0
9248,169,61,31,0,0
9271,167,61,26,0,65
9294,171,62,38,0,96
9318,169,62,40,0,93
9342,172,62,39,0,101
9366,176,62,45,0,107
9390,176,67,52,0,100
9414,178,68,51,0,105
9439,181,70,53,0,107
9463,228,71,62,0,106
9488,229,72,75,0,105
9513,187,74,57,0,103
9536,185,74,54,0,106
9561,181,75,44,0,92
9584,176,69,38,0,94
9608,177,69,37,0,99
9631,175,67,41,0,100
9656,175,62,35,0,100
9679,176,61,43,0,1
9702,173,94,32,0,0
9725,174,61,18,0,0
9747,172,61,19,0,87
9770,172,62,34,0,97
9793,174,61,39,0,100
9818,178,66,39,0,101
9842,181,62,42,0,107
9867,182,67,43,0,93
9890,183,67,47,0,102
9914,227,69,55,0,107
9939,231,69,65,0,105
9963,229,75,73,0,102
9988,230,118,59,0,100
10013,227,120,49,0,104
10040,183,97,39,0,106
10066,183,91,37,0,94
10090,184,88,37,0,97
10115,183,78,39,0,101
10139,180,65,36,0,99
10164,180,62,32,0,0
10187,177,62,31,0,2
10211,176,62,21,0,66
10236,179,62,31,0,87
10260,179,62,40,0,97
10285,180,62,39,0,91
10308,186,62,42,0,106
10334,187,66,46,0,101
10359,187,68,47,0,105
10385,231,69,50,0,107
10411,233,71,66,0,106
10436,233,76,73,0,105
10462,192,116,58,0,106
10488,190,123,51,0,108
10515,187,123,38,0,80
10541,183,122,32,0,89
10566,182,89,32,0,99
10591,182,105,37,0,99
10615,181,76,35,0,0
10639,178,71,30,0,0
10663,180,97,20,0,0
10686,180,102,22,0,93
10712,180,103,35,0,92
10737,179,63,35,0,100
10763,180,62,39,0,105
10788,188,66,40,0,103
10813,187,69,46,0,106
10839,190,68,48,0,106
10864,231,70,61,0,107
10890,227,70,72,0,107
10915,186,128,58,0,107
10942,185,121,54,0,108
10969,183,126,46,0,100
10995,181,120,41,0,82
11021,179,68,45,0,90
11046,176,66,40,0,96
11070,174,76,36,0,0
11093,174,61,32,0,0
11116,174,99,32,0,0
11140,174,67,31,0,0
11163,173,67,34,0,81
11188,177,67,40,0,92
11212,173,62,41,0,96
11236,175,61,42,0,106
11262,181,68,46,0,104
11287,183,67,47,0,106
11313,187,69,54,0,107
11338,230,70,67,0,107
11364,228,71,74,0,108
11390,228,71,64,0,107
11415,227,72,56,0,107
11441,186,69,53,0,105
11466,186,68,50,0,77
11491,183,68,50,0,88
11514,180,62,47,0,99
11539,177,61,44,0,97
11564,175,61,36,0,0
11587,175,63,21,0,77
11612,171,63,16,0,74
11636,173,66,17,0,88
11660,173,66,29,0,90
11684,177,67,36,0,96
11709,181,62,37,0,105
11735,183,65,39,0,99
11759,184,67,44,0,105
11785,187,70,49,0,107
11810,229,70,61,0,107
11836,228,71,77,0,106
11862,228,75,64,0,106
11887,227,125,56,0,106
11914,184,91,47,0,106
11938,182,69,46,0,87
11963,184,67,45,0,96
11988,183,62,44,0,99
12012,180,61,48,0,0
12036,181,65,43,0,0
12059,178,68,41,0,0
12082,178,68,42,0,0
12105,178,69,44,0,64
12130,179,70,44,0,87
12154,182,69,45,0,89
12179,183,63,45,0,91
12204,186,62,51,0,98
12228,232,63,56,0,105
12253,232,66,61,0,107
12278,233,69,77,0,107
12304,232,69,83,0,105
12330,230,69,78,0,106
12355,231,69,76,0,106
12381,230,70,62,0,86
12405,228,68,57,0,39
12430,228,66,50,0,0
12452,227,63,55,0,0
12476,181,62,54,0,0
12500,179,61,54,0,0
12523,180,64,52,0,0
12547,179,67,47,0,0
12570,177,66,46,0,0
12593,178,68,50,0,0
12616,179,67,51,0,0
12640,182,62,58,0,81
12664,225,62,60,0,0
12688,230,62,62,0,0
12711,232,62,63,0,79
12735,232,67,66,0,102
12761,235,62,78,0,106
12786,233,70,85,0,106
12812,233,71,80,0,107
12838,231,70,79,0,106
12863,230,70,68,0,102
12889,194,68,63,0,81
12913,186,66,57,0,0
12936,226,63,55,0,0
12959,181,62,52,0,0
12983,179,61,48,0,0
13006,176,107,50,0,0
13031,179,100,48,0,0
13056,179,69,43,0,0
13078,181,63,46,0,0
13102,179,65,54,0,87
13126,183,103,55,0,93
13152,183,103,58,0,104
13178,193,67,58,0,93
13203,231,69,65,0,87
13228,235,69,75,0,107
13253,231,70,90,0,106
13279,232,73,84,0,107
13303,232,119,77,0,105
13330,232,115,75,0,107
13357,228,86,63,0,84
13381,185,68,55,0,0
13405,183,63,54,0,0
13428,182,70,52,0,0
13452,178,63,50,0,0
13475,176,104,54,0,0
13499,174,101,46,0,0
13524,174,61,41,0,0
13547,177,63,47,0,0
13571,178,105,48,0,98
13596,176,78,53,0,94
13621,180,100,58,0,94
13646,227,61,60,0,1
13669,232,66,67,0,101
13695,233,68,73,0,106
13720,235,70,85,0,106
13746,235,71,94,0,106
13771,233,78,83,0,105
13797,232,83,80,0,106
13823,232,81,70,0,90
13847,191,76,63,0,69
13872,188,67,61,0,0
13894,187,69,54,0,1
13918,184,73,54,0,0
13941,179,63,56,0,0
13965,180,93,50,0,0
13988,181,75,34,0,0
14011,181,103,38,0,0
14036,181,103,49,0,96
14061,183,62,52,0,99
14086,185,61,54,0,103
14111,187,62,56,0,92
14136,190,66,57,0,96
14161,224,68,60,0,95
14185,236,68,72,0,106
14210,234,70,80,0,105
14235,234,70,82,0,101
14261,231,125,73,0,102
14287,231,124,71,0,106
14314,228,124,57,0,70
14340,189,122,57,0,35
14365,188,112,52,0,0
14390,183,61,53,0,3
14413,184,61,50,0,3
14437,182,61,50,0,0
14460,181,60,51,0,0
14483,181,61,51,0,0
14507,181,61,51,0,0
14530,180,62,54,0,90
14555,183,62,58,0,89
14579,185,62,56,0,105
14604,188,66,59,0,98
14628,189,68,59,0,106
14654,231,70,72,0,106
14680,235,71,84,0,106
14705,241,96,88,0,108
14731,228,123,77,0,105
14758,228,129,72,0,107
14784,189,126,64,0,96
14810,187,121,58,0,82
14835,185,115,57,0,2
14860,185,61,55,0,0
14882,180,69,53,0,0
14906,179,61,49,0,0
14930,179,104,47,0,0
14954,179,62,35,0,0
14978,179,61,39,0,84
15002,180,99,51,0,88
15026,184,61,57,0,97
15050,184,62,56,0,103
15076,186,62,57,0,93
15101,189,67,59,0,99
15125,229,69,70,0,101
15151,232,70,80,0,107
15176,240,70,87,0,107
15202,231,69,74,0,106
15228,231,124,73,0,106
15254,190,120,64,0,100
15281,187,67,55,0,36
15304,186,65,57,0,2
15328,184,62,57,0,0
15351,181,66,54,0,0
15375,179,61,48,0,0
15399,179,61,38,0,0
15421,178,61,24,0,0
15445,179,61,34,0,80
15469,179,61,39,0,90
15494,181,61,40,0,97
15518,183,61,47,0,98
15543,185,62,48,0,81
15566,186,66,52,0,87
15591,188,68,60,0,107
15617,230,69,71,0,106
15642,230,125,87,0,105
15669,227,123,77,0,106
15695,192,119,73,0,106
15722,186,115,69,0,101
15749,185,68,58,0,85
15773,184,107,59,0,86
15799,184,110,59,0,2
15823,183,98,55,0,2
15847,180,95,45,0,0
15870,179,100,51,0,0
15894,178,99,43,0,0
15918,178,95,52,0,0
15941,178,98,53,0,91
15966,181,63,54,0,96
15990,183,99,57,0,97
16014,184,99,59,0,100
16040,186,110,59,0,95
16065,231,122,69,0,105
16092,232,122,81,0,107
16118,230,123,92,0,108
16145,227,81,68,0,107
16171,227,81,67,0,108
16196,225,83,61,0,80
16221,183,88,58,0,97
16245,182,85,53,0,1
16269,217,83,54,0,1
16291,181,82,51,0,2
16315,178,61,50,0,0
16339,175,61,46,0,0
16362,174,90,39,0,0
16386,176,90,45,0,77
16409,175,89,49,0,90
16434,178,85,50,0,94
16458,179,61,52,0,101
16484,179,86,57,0,96
16509,224,95,54,0,101
16534,228,98,63,0,98
16559,233,98,76,0,106
16584,227,101,94,0,106
16611,229,88,82,0,106
16636,228,90,76,0,106
16661,228,89,71,0,96
16686,193,84,67,0,78
16710,226,75,63,0,0
16734,221,67,59,0,0
16757,174,68,60,0,0
16780,175,68,58,0,0
16803,172,74,55,0,0
16827,172,64,52,0,0
16851,172,70,50,0,0
16874,173,71,55,0,0
16898,175,70,59,0,96
16921,176,69,60,0,92
16946,221,68,63,0,87
16970,227,62,65,0,0
16994,230,68,71,0,0
17017,227,71,75,0,78
17042,232,74,87,0,105
17067,231,75,95,0,105
17092,234,76,91,0,104
17118,233,76,86,0,104
17143,229,73,81,0,1
17167,224,67,75,0,0
17191,225,67,72,0,0
17214,225,67,69,0,1
17237,220,68,62,0,0
17260,214,67,61,0,0
17284,173,65,57,0,0
17307,174,67,49,0,0
17331,172,70,49,0,0
17353,175,65,50,0,0
17377,177,65,54,0,94
17401,177,63,58,0,99
17426,179,64,59,0,106
17452,179,65,61,0,87
17476,227,74,59,0,104
17502,232,69,67,0,105
17527,233,72,76,0,105
17553,216,87,89,0,95
17577,209,72,83,0,100
17602,221,72,76,0,99
17627,214,70,71,0,106
17652,217,67,67,0,82
17677,221,67,59,0,0
17700,221,61,59,0,0
17723,173,61,58,0,0
17747,173,61,55,0,0
17770,175,61,57,0,0
17794,174,61,52,0,0
17817,174,61,52,0,0
17841,174,62,54,0,0
17863,175,62,57,0,0
17887,177,61,58,0,91
17911,180,61,59,0,98
17936,180,62,59,0,90
17961,225,68,64,0,103
17986,224,68,69,0,104
18012,226,69,76,0,106
18036,214,69,89,0,106
18062,205,66,73,0,105
18088,215,81,72,0,106
18113,215,79,68,0,97
18138,206,67,63,0,43
18162,207,61,59,0,3
18186,163,61,58,0,2
18209,167,61,57,0,2
18232,163,60,55,0,0
18255,160,61,49,0,0
18279,163,61,33,0,0
18303,161,61,43,0,0
18326,163,61,51,0,88
18350,162,61,52,0,93
18374,167,61,57,0,84
18399,167,61,61,0,104
18424,220,62,62,0,88
18449,219,79,61,0,89
18474,221,105,76,0,106
18500,216,105,92,0,106
18527,185,141,85,0,104
18553,220,142,70,0,106
18580,215,143,68,0,0
18605,213,126,58,0,98
18629,206,111,55,0,42
18655,202,61,53,0,2
18678,163,61,56,0,3
18702,171,61,58,0,0
18726,159,61,56,0,0
18749,156,61,50,0,0
18772,155,61,47,0,0
18795,156,61,48,0,97
18820,161,62,53,0,95
18844,169,61,59,0,98
18869,169,61,61,0,95
18893,210,61,65,0,105
18919,214,66,70,0,99
18943,217,122,75,0,101
18969,218,116,83,0,106
18996,215,82,88,0,106
19021,212,65,79,0,106
19047,211,65,77,0,106
19073,215,67,71,0,40
19097,214,66,63,0,0
19121,165,62,63,0,2
19144,162,61,58,0,0
19167,162,26,59,0,0
19190,155,61,57,0,0
19214,153,61,42,0,0
19238,153,61,37,0,0
19261,155,61,43,0,95
19286,157,61,51,0,105
19310,158,61,58,0,96
19335,158,62,60,0,105
19360,165,61,61,0,104
19386,208,68,65,0,104
19412,213,69,71,0,106
19437,213,70,79,0,106
19463,218,67,92,0,107
19488,216,69,80,0,107
19514,215,68,73,0,106
19540,216,67,72,0,104
19564,165,64,61,0,89
19589,152,65,55,0,41
19613,156,61,59,0,2
19637,158,61,56,0,1
19660,160,65,58,0,0
19684,154,66,56,0,99
19708,149,64,54,0,94
19732,149,63,58,0,95
19757,148,63,59,0,100
19782,151,64,61,0,97
19807,205,68,63,0,102
19832,203,96,66,0,104
19858,207,65,71,0,98
19883,217,68,75,0,103
19908,218,68,87,0,106
19933,222,66,90,0,107
19958,223,66,86,0,107
19984,223,66,83,0,107
20010,223,65,77,0,103
20035,216,63,70,0,77
20060,212,61,67,0,0
20083,208,61,64,0,1
20107,171,61,61,0,1
20129,157,61,60,0,0
20153,153,64,55,0,93
20178,154,69,48,0,0
20201,152,70,51,0,102
20227,150,90,55,0,99
20251,151,91,57,0,100
20277,155,91,63,0,100
20301,207,61,65,0,104
20327,210,61,71,0,89
20352,216,67,76,0,104
20377,222,65,83,0,106
20403,228,66,94,0,107
20428,229,69,95,0,107
20454,227,67,81,0,105
20480,223,68,76,0,105
20505,207,63,70,0,41
20530,213,61,69,0,0
20552,210,61,61,0,2
20576,168,61,60,0,3
20599,166,61,58,0,91
20624,150,84,51,0,0
20648,150,89,46,0,0
20670,155,91,52,0,94
20695,168,84,54,0,101
20720,169,63,56,0,99
20745,167,62,60,0,103
20770,216,61,62,0,106
20796,215,62,65,0,99
20821,217,62,72,0,101
20846,222,67,84,0,107
20872,228,66,93,0,105
20897,227,67,91,0,103
20922,223,66,85,0,103
20948,219,68,83,0,106
20973,205,65,70,0,99
20998,212,62,68,0,0
21021,209,62,60,0,0
21045,164,65,60,0,0
21068,169,63,59,0,94
21092,168,63,53,0,92
21117,147,74,39,0,0
21140,151,86,39,0,0
21164,154,94,53,0,102
21189,153,69,56,0,91
21214,157,71,59,0,99
21238,158,72,62,0,104
21263,211,89,65,0,101
21289,216,64,74,0,103
21314,216,94,82,0,99
21339,223,80,92,0,106
21364,225,65,96,0,107
21390,220,66,94,0,107
21416,217,67,81,0,106
21441,207,64,75,0,90
21466,202,62,72,0,0
21488,199,83,71,0,0
21512,199,61,62,0,0
21535,162,61,60,0,0
21559,146,93,57,0,0
21582,165,0,51,0,0
21604,169,0,51,0,0
21626,170,0,52,0,0
21649,171,0,57,0,85
21673,170,106,62,0,104
21699,212,93,64,0,103
21725,217,96,70,0,105
21749,221,63,73,0,102
21775,227,92,84,0,104
21801,226,67,96,0,106
21826,227,68,98,0,107
21852,227,68,94,0,107
21877,228,68,80,0,106
21903,205,67,76,0,103
21929,197,61,74,0,1
21952,201,73,72,0,0
21975,201,60,61,0,0
21998,168,62,65,0,0
22022,166,98,58,0,0
22045,168,100,51,0,0
22070,169,113,49,0,0
22094,170,114,53,0,0
22119,171,112,60,0,0
22143,171,105,63,0,104
22169,179,60,66,0,99
22194,222,61,75,0,0
22217,219,111,79,0,1
22242,221,67,83,0,96
22266,219,67,96,0,106
22292,224,93,101,0,106
22319,223,87,99,0,106
22344,221,69,94,0,106
22369,213,69,88,0,97
22393,211,64,77,0,0
22417,196,62,78,0,0
22441,207,101,75,0,0
22465,160,59,72,0,95
22490,163,96,63,0,0
22512,161,91,61,0,0
22536,163,85,59,0,0
22559,169,90,56,0,0
22583,172,83,59,0,0
22606,173,101,61,0,0
22631,171,102,72,0,104
22658,213,98,75,0,102
22682,220,62,77,0,0
22706,219,87,81,0,82
22730,220,97,90,0,104
22756,224,94,100,0,106
22783,225,77,101,0,106
22809,225,97,92,0,106
22835,222,87,81,0,106
22860,215,75,77,0,0
22884,204,76,76,0,2
22906,159,81,74,0,0
22930,160,61,64,0,1
22954,166,82,60,0,98
22978,164,60,53,0,0
23002,169,109,50,0,0
23026,171,106,45,0,0
23051,172,110,46,0,95
23076,173,108,56,0,104
23102,173,107,58,0,103
23129,173,59,60,0,105
23154,174,59,59,0,106
23180,177,78,57,0,95
23204,216,51,74,0,106
23230,197,73,96,0,104
23256,196,97,84,0,104
23281,193,82,75,0,104
23307,192,94,66,0,107
23332,133,96,57,0,105
23358,133,155,56,0,97
23383,130,67,54,0,93
23407,125,61,53,0,72
23432,122,53,50,0,1
23455,117,48,45,0,0
23479,119,49,38,0,0
23502,121,55,33,0,0
23525,123,57,41,0,86
23550,123,58,56,0,92
23574,124,61,57,0,94
23599,129,61,58,0,100
23624,130,61,61,0,99
23649,133,144,62,0,105
23676,192,111,66,0,90
23701,200,73,82,0,105
23727,197,70,77,0,110
23752,188,77,69,0,107
23777,190,82,63,0,102
23802,134,109,56,0,92
23828,132,147,56,0,103
23855,132,65,54,0,99
23879,129,61,54,0,79
23904,123,60,55,0,1
23927,120,61,52,0,0
23951,116,60,41,0,0
23974,120,61,39,0,0
23997,122,61,47,0,83
24022,123,61,58,0,91
24046,124,61,58,0,100
24072,129,61,60,0,106
24097,130,61,67,0,85
24122,132,66,66,0,97
24146,192,83,68,0,93
24170,192,139,76,0,108
24197,199,66,79,0,96
24221,192,76,72,0,102
24247,193,85,73,0,102
24273,135,82,57,0,87
24297,133,124,57,0,102
24324,131,66,57,0,91
24348,127,61,58,0,74
24372,121,61,58,0,66
24396,117,61,48,0,0
24420,115,145,31,0,1
24445,116,138,37,0,0
24469,117,61,37,0,91
24494,121,61,44,0,101
24519,123,61,50,0,98
24544,127,61,54,0,95
24567,128,62,59,0,100
24593,185,63,58,0,90
24618,188,84,65,0,102
24643,193,69,71,0,98
24668,199,71,78,0,104
24693,194,70,73,0,99
24718,192,68,72,0,93
24743,192,68,62,0,106
24767,134,79,57,0,103
24793,134,73,56,0,104
24818,136,63,50,0,91
24843,124,66,57,0,70
24867,115,65,50,0,0
24891,113,59,35,0,0
24915,113,138,18,0,78
24940,116,137,34,0,85
24965,118,68,36,0,96
24989,120,106,51,0,98
25015,123,67,53,0,98
25039,127,67,56,0,94
25064,183,64,60,0,100
25090,191,70,64,0,101
25115,198,71,64,0,98
25140,202,71,74,0,102
25165,198,94,74,0,100
25190,197,92,66,0,93
25215,137,92,58,0,101
25240,137,97,61,0,102
25266,135,91,54,0,88
25290,131,65,52,0,75
25315,119,68,51,0,3
25338,114,1,41,0,0
25360,112,139,25,0,0
25385,110,138,22,0,0
25409,110,5,22,0,0
25432,114,25,29,0,1
25455,117,23,28,0,89
25480,119,72,40,0,102
25504,124,61,47,0,104
25530,127,69,59,0,92
25555,188,76,64,0,97
25579,192,110,62,0,98
25605,196,78,77,0,107
25630,199,114,83,0,107
25657,196,79,77,0,107
25683,196,78,71,0,107
25708,192,76,60,0,105
25734,131,67,52,0,92
25757,135,99,56,0,90
25782,120,61,50,0,0
25805,114,48,44,0,1
25829,113,140,32,0,0
25854,110,140,32,0,0
25878,110,139,30,0,0
25903,114,141,39,0,0
25926,116,140,51,0,0
25951,120,139,51,0,1
25975,181,3,54,0,106
26000,167,61,62,0,100
26026,138,61,65,0,94
26050,158,66,78,0,79
26075,159,134,92,0,100
26101,167,132,90,0,105
26128,170,107,83,0,103
26155,169,104,77,0,92
26180,173,71,79,0,67
26204,145,60,67,0,0
26227,123,139,54,0,78
26253,111,139,48,0,0
26278,109,138,22,0,0
26302,100,139,23,0,0
26327,95,139,21,0,0
26350,69,139,24,0,0
26373,5,0,21,0,0
26393,0,0,20,0,0
26413,0,0,21,0,0
26433,0,0,21,0,0
26454,2,0,17,0,0
26473,18,0,14,0,0
26495,23,0,14,0,0
26515,10,0,14,0,0
26537,7,0,13,0,0
26557,4,0,13,0,0
26577,4,0,12,0,0
26597,4,0,13,0,0
26616,1,0,13,0,0
26657,2,0,13,0,0
26677,2,0,13,0,0
26697,1,0,13,0,0
26717,1,0,13,0,0
26737,0,0,16,0,0
26757,0,0,13,0,0
26777,0,137,16,0,0
26800,0,137,13,0,0
26822,1,0,13,0,0
26842,1,137,13,0,0
26864,1,137,13,0,0
26887,0,137,13,0,0
26908,0,137,13,0,0
26931,0,0,13,0,0
26951,0,0,13,0,0
26971,0,0,13,0,0
26991,0,0,13,0,0
27011,3,0,13,0,0
27031,13,0,13,0,0
27053,13,0,13,0,0
27073,13,0,13,0,0
27095,4,0,13,0,0
27115,6,0,13,0,0
27135,5,0,13,0,0
27155,3,0,13,0,0
27175,1,0,13,0,0
27214,0,0,12,0,0
27235,0,0,13,0,0
27255,0,0,14,0,0
27275,0,0,14,0,0
27295,0,0,13,0,0
27315,0,0,13,0,0
27335,0,0,14,0,0
27355,3,0,13,0,0
27375,5,0,13,0,0
27396,5,0,13,0,0
27415,6,0,13,0,0
27436,13,0,13,0,0
27456,23,0,13,0,0
27478,25,0,13,0,0
27499,23,0,13,0,0
27521,25,134,8,0,0
27542,37,119,0,0,0
27565,33,0,8,0,0
27585,35,135,19,0,0
27608,40,137,21,0,0
27631,45,137,28,0,0
27655,48,137,38,0,0
27678,50,137,40,0,0
27702,108,136,42,0,0
27725,114,137,47,1,0
27750,114,135,58,39,0
27776,114,135,62,46,0
27801,116,136,64,49,0
27827,58,136,65,23,0
27851,60,135,66,2,0
27875,58,136,58,0,0
27897,55,135,57,0,0
27921,50,136,52,0,0
27945,46,137,44,0,0
27968,43,137,33,0,0
27992,41,137,24,0,0
28014,37,138,20,0,0
28038,37,137,17,0,0
28061,39,138,19,0,0
28085,42,137,19,0,0
28107,44,138,20,0,0
28131,51,137,30,0,0
28154,49,135,30,0,0
28178,58,137,38,0,0
28202,68,138,44,0,3
28224,70,138,50,0,2
28248,73,138,61,1,3
28271,86,138,68,19,3
28296,83,138,84,25,0
28320,86,139,83,25,0
28345,86,139,80,23,0
28369,83,139,76,23,0
28393,79,139,71,21,0
28418,76,138,66,18,3
28442,70,137,57,20,3
28467,61,137,50,16,0
28491,55,132,46,0,0
28515,46,140,34,0,0
28537,43,136,29,0,0
28561,40,136,21,0,0
28585,38,0,20,0,0
28606,41,0,20,0,0
28627,44,138,29,0,0
28650,46,137,36,0,0
28674,63,138,28,0,0
28697,118,143,30,0,0
28722,139,140,39,0,0
28745,144,162,41,0,3
28770,149,155,44,0,0
28794,152,143,53,0,0
28819,156,143,70,0,0
28844,157,161,76,0,0
28868,157,162,73,0,0
28893,157,162,65,0,0
28917,153,162,52,0,0
28941,144,160,47,0,1
28966,139,0,48,0,3
28988,134,0,39,0,0
29011,126,140,41,0,0
29035,49,134,38,0,0
29058,44,0,28,0,0
29079,44,0,29,0,0
29101,43,0,33,0,0
29121,45,0,39,0,0
29143,47,0,34,0,0
29164,52,0,40,0,0
29185,55,0,54,0,0
29206,57,0,60,0,3
29228,70,135,69,0,0
29251,145,138,78,0,2
29275,159,139,84,0,3
29299,167,147,88,0,1
29324,168,152,103,0,0
29350,163,162,91,0,0
29374,162,161,81,0,0
29399,155,162,71,0,0
29423,156,140,64,0,0
29448,155,140,56,0,0
29471,150,140,44,0,0
29496,143,140,47,0,0
29521,141,135,44,0,0
29545,119,0,37,0,0
29568,137,0,36,0,0
29589,138,0,30,0,0
29612,139,140,32,0,0
29636,140,140,28,0,0
29661,142,140,37,0,0
29685,144,162,33,0,0
29710,148,163,37,0,0
29735,154,163,41,0,0
29759,157,140,49,0,0
29783,160,141,67,0,0
29807,156,143,88,0,0
29832,165,142,78,0,0
29856,165,142,70,0,0
29881,164,142,68,0,0
29906,160,155,55,0,0
29930,158,156,47,0,0
29955,156,155,45,0,0
29978,149,159,45,0,1
30003,145,145,44,0,2
30027,142,158,43,0,0
30052,128,145,39,0,0
30077,124,144,33,0,0
30101,133,144,39,0,0
30126,136,156,42,0,0
30150,141,157,34,0,0
30174,144,153,36,0,0
30198,149,162,41,0,0
30223,154,163,43,0,2
30248,156,155,56,0,0
30272,160,158,80,0,2
30297,163,162,101,0,3
30322,167,143,96,2,3
30347,166,143,94,1,0
30371,164,142,84,1,0
30395,162,142,78,0,0
30420,160,0,69,0,0
30442,151,0,64,0,2
30465,146,0,63,0,3
30486,148,140,54,0,0
30511,144,139,54,0,0
30535,57,0,55,0,0
30557,57,0,50,0,0
30577,56,0,43,0,0
30599,57,0,45,0,0
30620,59,0,60,0,0
30641,61,0,63,0,0
30662,63,32,65,1,0
30685,64,48,66,1,4
30707,66,133,71,0,0
30730,75,137,70,0,0
30753,92,138,83,0,3
30777,93,0,94,0,1
30798,95,143,93,2,0
30821,97,145,93,14,0
30846,165,144,91,16,0
30871,161,143,86,18,0
30897,159,135,80,0,3
30921,156,133,71,0,0
30946,153,144,63,0,0
30970,149,140,56,0,0
30995,67,135,47,0,0
31018,136,128,46,0,0
31042,127,132,42,0,0
31067,133,136,39,0,0
31091,140,138,42,0,0
31116,142,138,46,0,0
31140,150,137,51,0,0
31165,150,137,55,0,0
31190,139,147,60,0,0
31213,90,144,68,0,3
31237,158,144,78,0,0
31261,166,0,85,0,0
31284,167,0,92,14,2
31307,172,0,109,0,2
31330,171,0,93,0,1
31352,168,0,93,0,0
31375,169,152,89,0,1
31400,163,155,81,0,3
31424,153,129,73,0,3
31449,134,139,61,0,0
31472,71,102,55,0,0
31496,64,0,55,0,0
31517,54,0,39,0,0
31538,51,0,42,0,0
31559,47,0,43,0,0
31581,49,0,47,0,0
31601,57,0,41,0,0
31623,69,126,53,0,0
31646,73,0,61,0,0
31668,75,0,62,0,0
31688,82,1,67,0,0
31710,87,132,79,0,0
31733,91,0,89,0,0
31754,93,0,86,0,0
31775,138,0,100,20,0
31800,151,0,101,18,0
31825,149,144,97,14,0
31850,155,139,94,18,0
31876,143,135,93,17,0
31901,81,0,83,16,0
31923,66,0,74,0,0
31944,56,0,70,0,0
31966,49,0,65,0,0
31986,55,0,62,0,0
32008,53,0,56,0,0
32029,53,0,54,0,0
32050,51,0,52,0,0
32071,51,0,54,0,0
32093,52,0,61,0,0
32113,53,0,63,0,0
32135,55,0,63,0,0
32156,61,0,67,0,0
32177,78,0,73,0,0
32198,82,0,77,0,0
32220,84,0,79,0,0
32240,91,0,82,1,0
32262,99,0,96,14,0
32284,112,0,111,24,0
32309,111,0,99,25,0
32331,109,0,96,24,0
32355,145,0,97,23,14
32380,100,0,92,23,0
32403,89,0,83,20,0
32426,82,0,82,20,0
32447,74,0,64,20,0
32470,71,0,61,0,0
32491,67,0,64,0,0
32512,73,0,62,0,0
32533,73,0,57,0,0
32555,73,0,62,0,0
32575,73,0,63,0,0
32597,77,0,60,0,0
32618,78,0,65,0,0
32639,80,0,67,1,0
32660,84,0,69,1,0
32682,87,0,75,1,0
32702,137,0,82,1,0
32725,160,0,87,0,0
32747,99,0,88,10,0
32770,109,0,94,18,0
32792,148,0,99,17,0
32816,150,0,100,18,0
32840,153,132,94,18,0
32866,159,130,95,14,0
32892,147,107,88,13,0
32917,90,0,86,15,0
32940,83,0,72,14,0
32961,65,0,64,0,0
32983,57,0,62,1,0
33004,56,0,62,0,0
33025,56,0,60,0,0
33046,54,0,58,0,0
33068,59,0,59,0,0
33088,64,0,60,0,0
33110,65,0,65,0,0
33131,66,0,70,0,0
33152,79,0,72,1,0
33173,83,0,79,1,0
33195,86,0,86,1,0
33215,89,0,92,1,0
33237,92,0,90,1,0
33258,98,0,93,21,0
33280,142,0,100,11,0
33304,170,0,101,16,0
33329,170,0,103,12,0
33353,166,0,101,3,0
33377,143,1,93,16,0
33400,85,0,87,11,0
33422,74,0,73,18,0
33444,61,0,68,0,0
33466,58,0,60,0,0
33486,67,0,62,1,0
33508,63,0,60,0,0
33529,65,0,59,0,0
33550,63,0,58,0,0
33571,65,0,60,0,0
33593,69,0,64,0,0
33613,69,0,67,1,0
33635,71,0,69,1,0
33656,73,0,72,2,0
33677,80,0,77,3,0
33698,83,0,83,3,0
33720,135,0,86,3,0
33741,132,0,87,3,0
33764,104,0,99,22,0
33788,112,0,104,24,0
33812,111,0,98,21,0
33836,108,0,98,20,0
33858,99,1,94,18,0
33881,90,0,88,18,0
33903,77,0,82,16,0
33926,66,0,67,0,0
33946,65,0,63,0,0
33968,69,0,61,1,0
33989,66,0,58,0,0
34010,69,0,58,0,0
34031,68,0,56,0,0
34053,69,0,58,0,0
34073,72,0,61,1,0
34095,76,0,64,1,0
34116,77,0,66,2,0
34137,81,0,72,2,0
34158,85,0,77,3,0
34180,87,0,79,3,0
34200,90,0,83,2,0
34244,111,0,101,21,0
34269,114,0,111,17,0
34293,114,0,105,13,0
34317,113,0,103,15,0
34342,111,133,99,14,0
34367,100,0,89,18,0
34391,91,0,86,14,0
34413,82,0,77,0,0
34434,77,0,64,2,0
34455,73,0,63,0,0
34477,71,0,60,0,0
34497,72,0,58,0,0
34519,72,0,56,0,0
34540,73,0,58,0,0
34561,76,0,63,0,0
34582,79,0,64,1,0
34604,80,0,67,1,0
34624,82,0,68,1,0
34646,87,0,76,2,0
34667,89,0,77,2,0
34688,94,0,86,2,0
34709,98,0,95,3,0
34731,105,0,104,1,0
34754,108,0,109,19,0
34778,108,0,101,18,0
34802,105,120,105,16,0
34829,98,130,101,10,0
34855,85,0,90,0,0
34876,79,0,81,1,0
34897,64,0,78,4,0
34918,64,0,70,1,0
34940,61,0,61,0,0
34961,60,0,59,0,0
34982,63,0,56,1,0
35003,63,0,56,1,0
35025,69,0,59,1,0
35045,71,0,61,1,0
35066,70,0,64,1,0
35088,71,0,66,1,0
35108,69,0,71,1,0
35130,75,0,76,2,0
35151,85,0,81,4,0
35172,90,0,89,4,0
35193,139,0,95,6,0
35216,95,0,102,6,0
35238,98,0,105,3,0
35260,97,0,100,4,0
35283,93,0,99,3,0
35303,86,0,92,2,0
35325,73,0,89,1,0
35346,67,0,83,1,0
35367,64,0,78,1,0
35388,61,0,67,0,0
35410,57,0,60,0,0
35430,57,0,56,1,0
35452,58,0,53,0,0
35473,61,0,52,1,0
35494,63,0,52,1,0
35515,67,0,58,1,0
35537,71,0,59,1,0
35557,70,0,61,1,0
35578,72,0,65,1,0
35600,76,0,72,1,0
35620,80,0,78,1,0
35642,83,0,85,1,0
35663,134,0,90,2,0
35686,141,0,92,2,0
35708,96,0,101,3,0
35730,98,0,102,2,0
35753,95,0,98,2,0
35773,95,0,98,1,0
35795,89,127,97,1,0
35818,80,0,91,0,0
35840,62,0,89,0,0
35860,65,0,88,0,0
35882,57,0,84,0,0
35903,49,0,76,0,0
35924,48,0,70,0,0
35945,51,0,63,0,0
35967,49,0,61,0,0
35987,48,0,62,0,0
36009,48,0,60,0,0
36030,56,0,64,0,0
36051,62,0,64,0,0
36072,109,134,67,0,0
36097,70,0,73,0,0
36117,111,112,79,0,0
36142,81,0,79,0,0
36163,83,129,86,0,0
36187,88,0,93,0,0
36207,95,0,99,0,0
36229,98,0,101,0,0
36251,142,145,100,0,0
36277,143,144,96,0,0
36301,139,145,98,0,0
36326,141,140,90,0,0
36350,128,140,84,0,0
36374,121,139,82,0,0
36399,55,138,77,0,0
36422,49,102,68,0,0
36446,107,0,65,0,0
36467,121,0,63,0,0
36490,121,0,61,0,0
36512,125,136,65,0,0
36537,130,131,67,0,0
36562,124,138,69,0,0
36586,127,139,77,0,0
36610,110,0,81,0,4
36632,115,0,81,0,4
36655,126,0,89,0,2
36677,125,141,93,0,16
36703,141,141,96,0,19
36727,135,142,91,0,18
36753,141,143,83,0,17
36779,118,143,79,0,16
36804,61,143,78,0,0
36828,113,142,74,0,2
36852,46,138,68,0,1
36876,110,0,65,0,2
36897,39,0,63,0,0
36919,37,59,60,0,1
36941,113,0,51,0,2
36963,109,142,52,0,0
36988,102,143,52,0,0
37012,105,141,56,0,0
37037,49,0,55,0,0
37058,55,0,57,0,3
37079,143,0,59,0,3
37101,126,0,61,0,2
37124,150,0,71,0,3
37146,150,0,75,0,0
37168,147,0,84,0,0
37190,155,0,102,0,0
37214,159,0,107,0,0
37237,159,0,105,0,0
37260,156,0,101,0,0
37283,157,0,102,0,0
37307,154,0,91,0,0
37330,145,0,94,0,0
37352,131,0,84,0,0
37374,148,0,83,0,0
37418,60,0,63,0,0
37438,57,132,58,0,0
37462,55,135,46,0,0
37485,54,0,44,0,0
37507,63,0,47,0,0
37527,65,0,53,0,0
37549,65,0,56,0,0
37570,66,0,58,0,0
37591,134,0,55,0,0
37613,134,0,59,0,0
37636,78,0,66,0,0
37656,80,0,76,0,0
37678,81,0,82,0,0
37699,85,0,99,0,0
37720,150,0,116,0,0
37743,159,0,107,0,0
37767,160,0,104,0,0
37790,157,0,97,0,0
37813,155,140,93,0,0
37836,152,141,96,0,0
37861,151,0,90,0,0
37884,141,0,87,0,0
37906,119,0,77,0,0
37929,137,138,74,0,0
37952,112,7,66,0,0
37975,134,4,59,0,0
37997,41,0,55,0,0
38018,41,0,57,0,0
38039,43,0,60,0,0
38061,51,0,63,0,0
38081,55,0,64,0,0
38103,60,0,68,0,0
38124,131,0,70,0,0
38146,145,0,77,0,0
38168,144,0,79,0,0
38191,146,0,86,0,0
38213,147,0,89,0,0
38235,149,0,89,0,2
38257,147,0,84,0,3
38280,145,0,80,0,0
38302,142,0,77,1,0
38324,125,0,74,0,0
38346,52,0,72,0,0
38368,50,0,66,0,0
38388,47,0,57,0,0
38410,46,0,58,0,0
38431,43,0,53,0,0
38452,42,0,54,0,0
38473,42,0,53,0,0
38495,41,0,55,0,0
38515,43,0,58,0,0
38537,44,0,58,0,0
38558,47,0,61,0,0
38579,50,0,64,0,0
38600,132,0,67,0,0
38623,137,0,73,1,0
38644,137,0,77,0,0
38667,118,0,81,0,3
38689,125,0,86,0,3
38712,74,0,88,0,3
38732,76,0,87,0,4
38754,73,0,87,0,4
38775,70,0,84,0,4
38796,65,0,77,0,0
38817,61,0,75,0,0
38839,110,0,71,0,0
38860,127,0,67,0,0
38883,46,0,59,0,0
38904,42,0,57,0,0
38925,41,0,56,0,0
38946,38,0,52,0,0
38968,38,0,50,0,0
38988,36,0,49,0,0
39010,38,0,55,0,0
39031,41,0,57,0,0
39052,42,0,56,0,0
39073,44,0,62,0,0
39095,46,0,62,0,0
39115,133,0,66,0,0
39138,135,0,72,0,0
39160,138,0,78,2,0
39183,138,0,81,2,0
39204,143,0,87,0,5
39227,144,0,88,0,3
39250,145,0,88,0,4
39271,142,0,85,0,4
39294,140,0,85,0,0
39316,137,0,83,0,0
39339,132,0,74,0,0
39360,53,0,70,0,0
39382,48,0,63,0,0
39403,43,0,60,0,0
39424,42,0,55,0,0
39445,42,0,52,0,0
39467,38,0,52,0,0
39487,36,0,52,0,0
39509,36,0,55,0,0
39530,39,0,58,0,0
39551,41,0,59,0,0
39572,42,0,60,0,0
39594,43,0,65,0,0
39614,45,0,68,1,0
39636,128,0,70,0,0
39658,136,0,77,1,0
39680,139,0,77,2,4
39702,139,0,84,1,2
39725,121,0,91,1,3
39747,145,0,87,2,4
39769,143,0,85,0,3
39791,143,0,87,1,4
39814,138,0,86,1,3
39836,131,0,81,0,3
39858,134,0,72,0,15
39881,47,0,69,0,0
39903,43,0,63,0,0
39923,43,0,61,1,0
39945,41,0,57,0,0
39966,39,0,56,0,0
39987,38,0,55,0,0
40008,38,0,57,0,0
40030,38,0,61,0,0
40050,40,0,62,0,0
40072,42,0,63,0,0
40093,44,0,64,0,0
40114,45,0,67,1,0
40135,49,0,75,0,0
40157,50,0,81,0,0
40177,53,0,82,0,0
40199,59,0,89,1,3
40220,132,0,93,1,4
40242,139,0,95,1,3
40264,140,0,97,1,3
40287,126,0,90,1,4
40309,54,0,91,0,6
40330,53,0,88,0,0
40351,49,0,84,0,0
40373,47,0,81,1,0
40393,44,0,76,0,0
40415,41,0,67,0,0
40436,40,0,66,0,0
40457,38,0,65,0,0
40478,36,0,62,0,0
40500,36,0,62,0,0
40520,36,0,62,0,0
40542,37,0,63,0,0
40563,39,0,63,0,0
40584,41,0,63,0,0
40605,42,0,67,0,0
40627,43,0,68,0,0
40647,45,0,73,0,0
40669,47,0,80,0,0
40690,48,0,82,1,0
40711,50,0,86,1,2
40732,51,0,89,1,3
40754,113,0,90,1,4
40775,130,0,94,1,3
40798,136,0,91,1,3
40820,55,0,88,1,4
40842,53,0,91,1,4
40862,50,0,88,0,0
40884,47,0,82,0,0
40905,46,0,77,0,0
40926,44,0,72,0,0
40947,42,0,59,0,0
40969,41,0,64,0,0
40989,41,0,61,0,0
41011,39,0,58,0,0
41032,39,0,61,0,0
41053,39,0,59,0,0
41074,39,0,58,0,0
41096,41,0,60,0,0
41116,41,0,61,0,0
41138,42,0,63,0,0
41159,44,0,68,0,0
41180,45,0,74,0,0
41201,48,0,78,0,1
41223,52,0,84,0,3
41243,63,0,88,1,3
41265,142,0,98,0,0
41287,143,0,104,0,3
41310,143,0,97,0,2
41332,141,0,94,0,0
41355,127,0,93,0,1
41377,99,0,90,0,0
41398,51,0,89,0,0
41419,50,0,83,0,0
41441,47,0,77,0,0
41461,43,0,69,0,0
41483,44,0,60,0,0
41504,42,0,57,0,0
41525,41,0,59,0,0
41546,42,0,57,0,0
41568,43,0,56,0,0
41588,45,0,58,0,0
41610,45,0,59,0,0
41631,47,0,61,0,0
41652,48,0,64,0,0
41673,51,0,74,0,0
41695,52,0,77,0,0
41715,59,0,82,0,0
41737,139,0,93,0,3
41759,144,0,100,1,0
41783,145,0,102,1,0
41805,146,0,99,1,0
41828,145,0,96,0,1
41850,141,0,96,0,0
41872,96,0,91,0,0
41894,53,0,91,0,0
41915,51,0,84,0,0
41937,50,0,78,0,0
41957,46,0,72,0,0
41978,43,0,67,0,0
42000,43,0,61,0,0
42020,43,0,59,0,0
42042,42,0,60,0,0
42063,42,0,60,0,0
42084,44,0,61,0,0
42105,45,0,64,0,0
42127,44,0,67,0,0
42147,47,0,76,0,0
42169,49,0,79,0,0
42190,48,0,85,0,0
42211,51,0,89,0,0
42232,53,0,100,0,0
42255,55,0,105,0,0
42276,57,0,105,0,0
42299,57,0,102,1,0
42322,55,0,112,0,0
42344,55,0,108,0,0
42366,53,0,105,0,0
42388,47,0,104,0,0
42411,44,0,99,0,0
42431,43,0,90,0,0
42453,39,0,80,0,0
42474,43,0,71,0,0
42495,42,0,67,0,0
42516,42,0,67,0,0
42538,42,0,61,0,0
42558,43,0,62,0,0
42580,43,0,63,0,0
42601,44,0,66,0,0
42622,46,0,70,0,0
42643,49,0,70,0,0
42665,51,0,73,0,0
42685,53,0,76,0,0
42707,53,0,79,1,0
42728,54,0,82,1,0
42749,60,0,90,1,0
42770,61,0,95,1,0
42792,63,0,99,1,0
42812,63,0,97,1,0
42834,63,0,96,0,0
42855,63,0,94,0,0
42876,62,0,94,0,0
42897,61,0,91,0,0
42919,55,0,86,0,0
42939,54,0,84,0,0
42961,54,0,81,1,0
42982,51,0,72,1,0
43002,50,0,64,0,0
43024,50,0,61,0,0
43046,49,0,61,0,0
43066,46,0,59,0,0
43087,46,0,60,0,0
43109,49,0,62,0,0
43129,49,0,62,0,0
43151,49,0,63,0,0
43172,52,0,68,1,0
43194,52,0,73,1,0
43214,54,0,76,1,0
43236,55,0,80,1,0
43257,56,0,83,1,0
43278,59,0,88,0,0
43299,62,0,99,1,0
43321,65,0,98,2,0
43341,125,0,98,1,0
43364,128,0,96,1,0
43386,124,0,95,1,0
43408,119,0,95,0,0
43431,61,0,92,0,0
43452,59,0,93,0,0
43473,57,0,86,0,0
43494,55,0,79,1,0
43516,52,0,69,0,0
43536,52,0,67,0,0
43558,52,0,63,0,0
43579,50,0,60,0,0
43599,48,0,58,0,0
43621,49,0,59,0,0
43642,50,0,63,0,0
43663,51,0,62,0,0
43684,52,0,64,0,0
43706,53,0,65,0,0
43726,55,0,68,0,0
43748,56,0,76,0,0
43769,59,0,74,0,0
43790,60,0,77,1,0
43811,63,0,83,1,4
43833,66,0,91,1,4
43853,130,0,96,1,1
43876,141,0,97,0,1
43898,137,0,96,1,2
43921,64,0,94,1,3
43942,62,0,91,1,3
43963,59,0,83,0,0
43985,56,0,79,0,0
44005,55,0,82,0,0
44026,53,0,75,0,0
44048,52,0,66,0,0
44068,50,0,64,0,0
44090,47,0,59,0,0
44111,44,0,59,0,0
44132,46,0,59,0,0
44153,46,0,61,0,0
44175,47,0,62,0,0
44195,49,0,64,0,0
44217,52,0,66,0,0
44238,55,0,71,0,0
44259,57,0,74,0,3
44280,60,0,79,0,4
44302,141,0,92,0,3
44324,144,0,104,1,3
44347,135,0,103,1,0
44371,145,0,96,0,1
44393,141,0,98,1,1
44416,141,0,95,0,0
44437,133,0,98,0,0
44460,110,0,93,0,3
44482,58,0,88,0,0
44503,52,0,81,0,0
44524,49,0,70,0,0
44546,50,0,65,0,0
44566,50,0,62,0,0
44588,46,0,59,0,0
44609,43,0,57,0,0
44630,44,0,58,0,0
44651,47,0,60,0,0
44673,48,0,59,0,0
44693,49,0,63,0,0
44715,50,0,64,0,0
44736,53,0,68,0,0
44757,55,0,74,0,0
44778,58,0,76,0,0
44800,59,0,85,0,1
44820,63,0,94,0,3
44842,132,0,98,0,0
44864,142,0,106,0,2
44888,143,0,101,0,2
44910,141,0,95,0,2
44933,140,0,95,0,2
44955,106,0,92,0,3
44978,59,0,82,0,0
44998,55,0,83,0,0
45020,53,0,78,0,0
45041,52,0,71,0,0
45062,49,0,64,0,0
45083,46,0,60,0,0
45105,45,0,58,0,0
45125,43,0,56,0,0
45147,43,0,58,0,0
45168,43,0,61,0,0
45189,45,0,60,0,0
45210,47,0,64,0,0
45232,48,0,65,0,0
45252,52,0,71,0,0
45274,55,0,75,0,0
45295,59,0,79,0,3
45316,84,0,87,0,3
45337,140,0,94,0,2
45360,142,0,103,0,3
45383,142,0,101,0,2
45406,137,0,99,0,2
45428,138,0,97,0,1
45451,137,0,95,0,0
45473,115,0,89,0,3
45495,58,0,80,0,3
45516,53,0,81,0,0
45538,50,0,75,0,0
45558,51,0,69,0,0
45580,48,0,66,0,0
45601,46,0,63,0,0
45622,45,0,60,0,0
45643,43,0,58,0,0
45665,43,0,60,0,0
45685,43,0,63,0,0
45707,45,0,65,0,0
45728,47,0,66,0,0
45749,47,0,75,0,0
45770,50,0,85,0,0
45792,51,0,87,0,0
45812,55,0,93,0,3
45834,59,0,100,0,4
45856,61,0,106,1,0
45878,62,0,108,1,0
45900,62,0,102,0,0
45923,61,0,98,1,0
45944,59,0,98,0,0
45965,57,0,92,0,0
45986,54,0,89,0,0
46008,51,0,89,0,0
46028,49,0,81,0,0
46050,47,0,74,0,0
46071,46,0,71,0,0
46092,42,0,66,0,0
46113,37,0,61,0,0
46135,38,0,60,0,0
46155,41,0,60,0,0
46177,44,0,62,0,0
46198,45,0,62,0,0
46219,44,0,63,1,0
46240,43,0,66,1,0
46262,45,0,67,1,0
46282,48,0,78,1,0
46304,49,0,77,1,0
46325,51,0,80,1,0
46346,55,0,85,3,0
46367,59,0,95,3,0
46389,62,0,98,1,0
46409,63,0,96,1,0
46431,64,0,102,1,0
46453,63,0,102,0,0
46475,62,0,101,0,0
46497,58,0,94,0,0
46519,56,0,92,0,0
46539,54,0,91,0,0
46561,53,0,84,0,0
46582,50,0,74,0,0
46603,48,0,65,0,0
46624,48,0,62,0,0
46646,47,0,58,0,0
46666,45,0,60,0,0
46688,45,0,63,0,0
46709,47,0,65,0,0
46730,48,0,63,0,0
46751,51,0,64,0,0
46773,55,0,63,0,0
46793,68,0,68,0,0
46815,140,0,70,0,0
46837,135,0,72,0,0
46860,146,0,76,0,0
46881,146,137,70,0,0
46906,143,137,66,0,0
46931,135,138,66,0,0
46955,129,138,50,0,0
46980,119,138,50,0,0
47004,34,138,44,0,0
47027,29,0,21,0,0
47048,28,0,18,0,0
47070,22,0,10,0,0
47090,3,0,5,0,0
47110,0,0,7,0,0
47128,5,0,8,0,0
47148,1,0,8,0,0
47166,3,0,8,0,0
47186,2,0,10,0,0
47206,0,0,10,0,0
47225,0,0,10,0,0
47246,18,0,10,0,0
47266,14,0,11,0,0
47288,14,0,11,0,0
47309,13,0,11,0,0
47330,12,0,10,0,0
47351,13,0,10,0,0
47373,13,0,8,0,0
47392,25,0,8,0,0
47413,29,0,9,0,0
47432,12,0,10,0,0
47454,8,0,7,0,0
47473,20,0,8,0,0
47512,1,0,8,0,0
47531,11,0,7,0,0
47551,12,0,7,0,0
47571,13,0,8,0,0
47591,14,0,7,0,0
47612,14,0,7,0,0
47631,13,0,7,0,0
47651,13,0,7,0,0
47671,2,0,7,0,0
47690,0,0,7,0,0
47709,0,0,7,0,0
47728,0,0,7,0,0
47747,0,0,8,0,0
47766,0,0,7,0,0
47785,0,0,7,0,0
47804,0,0,7,0,0
47822,0,0,7,0,0
47842,0,0,7,0,0
47861,0,0,7,0,0
47880,0,0,7,0,0
47899,0,0,7,0,0
47918,0,0,7,0,0
47937,0,0,7,0,0
47956,0,0,7,0,0
47975,0,0,7,0,0
47993,0,0,6,0,0
48013,0,0,7,0,0
48031,0,0,7,0,0
48051,0,0,7,0,0
48069,0,0,7,0,0
48089,0,0,7,0,0
48107,0,0,7,0,0
48127,0,0,7,0,0
48145,0,0,7,0,0
48164,0,0,7,0,0
48183,0,0,7,0,0
48202,0,0,8,0,0
48221,0,0,7,0,0
48240,0,0,7,0,0
48259,0,0,7,0,0
48278,0,0,7,0,0
48297,0,0,7,0,0
48316,0,0,7,0,0
48354,0,0,5,0,0
48373,0,0,7,0,0
48392,0,0,7,0,0
48411,0,0,8,0,0
48430,0,0,7,0,0
48468,0,0,7,0,0
48487,0,0,7,0,0
48505,0,0,7,0,0
48525,1,0,8,0,0
48543,10,0,7,0,0
48564,13,0,12,0,0
48585,17,0,15,0,0
48606,21,0,17,0,0
48627,24,0,20,2,0
48649,27,0,23,10,0
48670,27,0,26,10,0
48693,29,0,25,15,0
48715,31,0,29,15,0
48737,31,0,34,3,0
48758,32,0,53,4,0
48780,33,0,58,5,0
48800,36,0,65,24,0
48823,39,0,74,28,0
48845,39,0,82,86,0
48868,40,0,86,97,0
48889,39,0,84,76,0
48912,38,0,86,100,0
48936,38,0,83,74,0
48958,35,0,77,71,0
48980,32,0,69,33,0
49002,32,0,64,15,0
49025,29,0,55,15,0
49047,29,0,41,32,0
49069,28,0,36,12,0
49091,48,0,38,11,0
49114,43,0,39,13,0
49135,45,0,40,23,0
49158,53,0,42,32,0
49180,57,0,42,35,0
49203,45,0,44,37,0
49224,33,0,56,31,0
49247,33,0,66,18,0
49269,35,0,64,16,0
49291,38,0,76,20,0
49313,41,0,85,34,0
49336,45,0,93,117,0
49359,44,0,90,98,0
49381,44,0,88,97,0
49404,43,0,85,95,0
49426,41,0,83,68,0
49449,38,0,79,31,0
49470,36,0,72,27,0
49493,35,0,66,28,0
49515,34,0,63,17,0
49538,33,0,58,37,0
49559,31,0,53,17,0
49582,29,0,50,14,0
49604,28,0,54,14,0
49626,29,0,43,15,0
49648,30,0,43,15,0
49671,30,0,46,16,0
49693,29,0,55,16,0
49715,31,0,54,16,0
49737,30,0,63,16,0
49760,33,0,66,18,0
49782,34,0,67,17,0
49804,35,0,66,38,0
49826,40,0,79,36,0
49849,42,0,82,84,0
49870,40,0,79,63,0
49893,39,0,75,56,0
49916,36,0,70,48,0
49938,32,0,64,25,0
49960,29,0,57,28,0
49982,34,0,46,7,0
50004,27,0,35,12,0
50025,27,0,30,17,0
50048,29,0,31,15,0
50070,36,0,22,15,0
50093,36,0,27,16,0
50114,35,0,32,16,0
50137,27,0,33,19,0
50159,26,0,35,20,0
50182,28,0,46,21,0
50203,30,0,51,28,0
50226,32,0,61,28,0
50248,34,0,64,22,0
50270,36,0,69,55,0
50292,37,0,73,106,0
50316,37,0,75,45,0
50338,37,0,73,45,0
50360,37,0,72,50,0
50382,36,0,70,50,0
50405,33,0,64,92,0
50428,41,0,53,34,0
50449,34,0,40,45,0
50472,30,0,38,15,0
50494,26,0,32,14,0
50516,25,0,25,16,0
50538,25,0,27,18,0
50561,25,0,27,16,0
50583,26,0,31,18,0
50605,29,0,33,53,0
50627,30,0,36,70,0
50650,31,0,44,65,0
50672,33,0,49,69,0
50694,33,0,57,22,0
50716,35,0,67,33,0
50739,36,0,67,19,0
50760,34,0,70,86,0
50783,31,0,74,103,0
50806,36,0,74,97,0
50829,37,0,72,94,0
50850,37,0,70,79,0
50873,35,0,68,70,0
50895,32,0,65,77,0
50918,28,0,60,67,0
50940,26,0,54,16,0
50962,31,0,49,18,0
50985,30,0,45,16,0
51007,41,0,34,17,0
51029,42,0,32,37,0
51051,39,0,31,44,0
51074,43,0,34,50,0
51095,46,0,35,35,0
51118,45,0,39,56,0
51140,31,0,47,22,0
51163,32,0,58,36,0
51184,34,0,67,22,0
51207,34,0,68,21,0
51229,32,0,73,15,0
51252,34,0,79,18,0
51273,39,0,73,34,0
51296,39,0,73,18,0
51318,39,0,72,18,0
51340,38,0,69,15,0
51362,35,0,69,14,0
51385,31,0,64,43,0
51407,29,0,58,13,0
51429,27,0,51,15,0
51452,25,0,46,17,0
51474,30,0,35,32,0
51496,29,0,34,63,0
51518,29,0,31,22,0
51541,36,0,34,23,0
51563,37,0,36,23,0
51585,34,0,38,27,0
51607,30,0,47,76,0
51630,31,0,55,30,0
51652,33,0,61,22,0
51674,31,0,68,32,0
51696,32,0,72,55,0
51719,33,0,75,26,0
51740,37,0,75,32,0
51763,40,0,77,37,0
51785,79,0,75,28,0
51808,79,0,76,27,0
51829,83,0,72,24,0
51852,81,0,66,19,0
51874,84,0,66,26,0
51897,30,0,63,21,0
51918,29,0,56,20,0
51941,27,0,51,20,0
51964,26,0,50,27,0
51985,24,0,37,33,0
52008,24,0,35,34,0
52030,24,0,35,35,0
52053,24,0,38,37,0
52074,26,0,39,37,0
52097,26,0,42,39,0
52119,27,0,53,38,0
52142,27,0,61,42,0
52163,29,0,68,46,0
52186,31,0,66,46,0
52208,33,0,72,51,0
52230,35,0,74,38,0
52252,35,0,71,29,0
52275,35,0,70,30,0
52297,37,0,65,26,0
52319,36,0,64,26,0
52341,36,0,66,26,0
52364,33,0,67,53,0
52385,31,0,63,21,0
52408,30,0,58,21,0
52430,28,0,53,32,0
52453,26,0,52,14,0
52474,25,0,37,18,0
52497,23,0,34,7,0
52519,23,0,33,10,0
52540,22,0,25,13,0
52563,23,0,37,14,0
52585,25,0,34,44,0
52608,25,0,38,48,0
52629,25,0,40,72,0
52652,26,0,53,65,0
52674,27,0,57,82,0
52697,26,0,64,80,0
52718,30,0,67,77,0
52741,33,0,69,60,0
52763,35,0,69,66,0
52785,36,0,72,26,0
52807,35,0,67,31,0
52830,35,0,68,36,0
52852,31,0,65,44,0
52874,32,0,64,41,0
52896,31,0,59,34,0
52919,29,0,53,35,0
52941,27,0,54,51,0
52963,25,0,54,72,0
52985,25,0,48,53,0
53008,24,0,39,51,0
53030,23,0,36,49,0
53052,24,0,37,56,0
53075,26,0,39,54,0
53097,27,0,41,55,0
53119,26,0,50,56,0
53141,27,0,59,109,0
53165,26,0,62,88,0
53187,27,0,66,65,0
53209,31,0,64,54,0
53231,32,0,67,65,0
53254,29,0,68,58,0
53276,31,0,69,53,0
53298,31,0,65,51,0
53320,32,0,66,48,0
53343,32,0,65,47,0
53364,33,0,62,46,0
53387,31,0,62,44,0
53409,29,0,56,41,0
53432,25,0,50,35,0
53453,24,0,44,60,0
53476,23,0,43,60,0
53498,22,0,36,55,0
53520,21,0,36,42,0
53543,21,0,35,41,0
53565,22,0,36,45,0
53588,23,0,38,49,0
53609,24,0,47,49,0
53654,26,0,60,49,0
53677,27,0,64,63,0
53698,32,0,69,55,0
53721,34,0,71,35,0
53743,37,0,72,52,0
53765,35,0,74,39,0
53787,36,0,68,45,0
53810,34,0,70,45,0
53832,34,0,68,43,0
53854,33,0,64,36,0
53876,31,0,59,44,0
53899,30,0,56,42,0
53921,26,0,54,18,0
53943,23,0,54,5,0
53964,21,0,43,14,0
53987,22,0,35,4,0
54007,21,0,36,4,0
54029,21,0,35,4,0
54050,22,0,36,4,0
54071,23,0,37,44,0
54093,24,0,52,44,0
54116,25,0,58,50,0
54138,26,0,64,59,0
54160,29,0,68,62,0
54183,29,0,71,68,0
54205,35,0,69,54,0
54227,45,0,72,53,0
54249,42,0,75,58,0
54272,46,0,72,56,0
54294,44,0,76,54,0
54316,41,0,71,55,0
54338,43,0,69,48,0
54361,46,0,63,44,0
54382,41,0,54,42,0
54405,25,0,57,20,0
54427,23,0,54,44,0
54450,22,0,37,5,0
54470,22,0,33,5,0
54492,22,0,24,6,0
54513,22,0,35,4,0
54534,21,0,36,7,0
54555,22,0,39,5,0
54577,24,0,53,7,0
54597,25,0,58,23,0
54620,25,0,65,56,0
54642,29,0,71,75,0
54665,31,0,74,43,0
54686,49,0,74,48,0
54709,37,0,76,50,0
54731,36,0,79,59,0
54753,37,0,81,60,0
54775,36,0,80,60,0
54798,35,0,74,62,0
54820,35,0,70,60,0
54842,46,0,66,51,0
54865,43,0,64,55,0
54887,43,0,58,50,0
54910,25,0,59,51,0
54931,23,0,58,44,0
54954,21,0,54,29,0
54976,21,0,46,29,0
54998,23,0,46,11,0
55020,23,0,52,13,0
55043,27,0,55,25,0
55065,31,0,60,29,0
55087,32,0,63,55,0
55109,32,0,68,61,0
55132,31,0,75,67,0
55153,35,0,71,73,0
55176,36,0,75,58,0
55198,38,0,73,76,0
55221,41,0,84,77,0
55242,39,0,82,77,0
55265,39,0,78,80,0
55287,38,0,76,80,0
55310,36,0,76,82,0
55331,31,0,67,80,0
55354,30,0,62,72,0
55377,29,0,58,12,0
55398,28,0,56,47,0
55421,28,0,59,38,0
55443,28,0,61,6,0
55465,29,0,59,11,0
55486,28,0,52,35,0
55509,29,0,56,39,0
55531,29,0,56,44,0
55553,32,0,58,64,0
55575,34,0,64,75,0
55598,35,0,69,83,0
55620,37,0,73,98,0
55642,37,0,79,75,0
55664,38,0,81,82,0
55687,38,0,85,72,0
55709,88,0,88,70,0
55731,89,0,87,63,0
55753,89,0,87,66,0
55776,89,0,85,64,0
55797,88,0,79,64,0
55820,87,0,75,63,0
55842,86,0,69,69,0
55865,83,0,63,72,0
55886,87,0,58,54,0
55909,86,0,63,10,0
55932,86,0,67,4,0
55952,85,0,65,41,0
55975,84,0,61,47,0
55997,84,0,58,49,0
56020,85,0,57,49,0
56041,85,0,59,49,0
56064,86,0,65,74,0
56086,86,0,66,94,0
56109,87,0,71,86,0
56130,88,0,75,79,0
56153,88,0,75,63,0
56175,90,0,83,69,0
56197,91,0,78,65,0
56219,90,0,84,90,0
56242,89,0,82,82,0
56264,91,0,81,91,0
56286,87,0,79,87,0
56308,87,0,76,63,0
56331,85,0,68,58,0
56353,86,0,62,33,0
56375,86,0,60,30,0
56397,85,0,61,29,0
56420,85,0,62,56,0
56441,83,0,63,60,0
56464,82,0,60,59,0
56487,82,0,58,63,0
56509,81,0,61,69,0
56531,81,0,62,71,0
56553,86,0,63,71,0
56576,86,0,68,69,0
56598,86,126,70,47,0
56622,87,138,69,43,0
56646,89,138,74,39,0
56671,91,138,78,39,0
56695,151,138,86,60,0
56721,158,0,86,63,0
56745,139,139,85,71,0
56770,139,139,83,71,0
56796,151,139,81,71,0
56821,149,139,75,69,0
56847,152,138,66,77,0
56872,133,138,62,48,0
56897,86,138,58,73,0
56922,86,143,63,14,0
56946,139,139,60,9,0
56971,151,139,47,36,0
56996,139,139,39,34,0
57022,144,139,38,41,0
57048,140,143,43,65,0
57073,124,140,41,64,0
57099,133,144,39,63,0
57124,129,145,45,63,0
57149,131,144,65,35,0
57175,133,144,68,9,0
57199,132,140,68,61,0
57225,137,141,70,10,0
57250,141,141,78,3,0
57275,148,141,86,14,11
57302,146,145,80,11,12
57328,143,145,79,11,9
57354,135,156,75,5,0
57378,131,157,72,5,0
57403,135,161,67,2,0
57427,88,156,62,4,0
57450,87,144,58,0,1
57474,86,141,57,3,0
57497,86,140,54,0,0
57521,86,140,50,25,0
57544,87,140,55,7,0
57568,89,140,59,11,0
57592,88,143,60,13,0
57617,90,145,61,14,0
57642,90,144,62,15,0
57666,91,148,63,31,2
57691,92,140,65,1,1
57713,93,151,72,6,0
57737,101,147,82,34,0
57762,105,154,86,32,9
57788,102,144,88,32,14
57815,100,151,79,30,13
57841,95,148,76,14,0
57866,91,160,73,2,0
57889,87,160,65,6,0
57912,88,160,61,4,3
57935,84,161,58,1,3
57959,84,140,59,2,4
57983,129,141,49,3,3
58007,117,155,38,1,0
58032,118,153,25,0,0
58055,94,152,37,0,0
58079,99,153,40,0,0
58102,102,158,50,1,2
58127,103,154,58,3,0
58152,101,155,65,4,3
58176,101,161,70,3,3
58201,104,158,71,43,0
58225,113,153,94,52,0
58251,111,140,93,47,16
58278,106,160,88,38,16
58304,106,161,84,37,0
58330,102,162,76,31,0
58355,96,161,66,19,0
58380,91,163,65,18,1
58404,89,139,60,1,1
58428,86,140,55,7,3
58451,87,141,61,0,2
58474,83,149,54,0,0
58498,85,143,53,1,0
58521,89,145,56,3,0
58545,89,144,58,3,0
58567,92,153,60,3,2
58591,95,153,66,5,3
58614,97,150,70,26,3
58639,95,160,72,5,3
58663,97,147,74,2,0
58685,97,162,83,38,0
58710,108,161,92,38,12
58736,104,162,90,37,0
58762,99,161,88,35,0
58786,96,155,81,23,0
