2,85,0,3,0,0
18,84,0,3,0,0
35,84,0,3,0,0
52,84,0,4,0,0
69,86,0,4,0,0
85,86,0,6,0,0
120,86,0,5,0,0
138,86,0,5,0,0
156,86,0,4,0,0
173,87,0,5,0,0
192,87,0,5,0,0
209,86,0,5,0,0
228,86,0,4,0,0
245,87,0,5,0,0
263,87,0,5,0,0
281,86,0,5,0,0
299,87,0,4,0,0
334,87,0,5,0,0
353,87,0,5,0,0
370,86,0,4,0,0
388,83,0,5,0,0
406,83,0,5,0,0
424,83,0,5,0,0
442,83,0,6,0,0
460,83,0,5,0,0
478,84,0,5,0,0
496,84,0,5,0,0
513,84,0,5,0,0
532,84,0,5,0,0
549,87,0,5,0,0
567,88,0,5,0,0
585,88,0,5,0,0
621,89,0,5,0,0
638,91,0,5,0,0
657,92,0,5,0,0
693,94,9,5,0,0
710,94,3,6,0,0
728,94,14,7,0,0
747,95,12,6,0,0
766,118,0,6,0,0
785,124,0,6,0,0
804,124,14,6,0,0
824,119,10,6,0,0
844,119,4,6,0,0
863,119,13,5,0,0
883,142,1,6,0,0
902,146,1,6,0,0
940,142,1,9,0,0
959,144,1,9,0,0
978,139,1,9,0,0
997,144,1,9,0,0
1016,143,1,10,0,0
1037,133,1,10,0,0
1058,140,1,9,0,0
1079,148,0,9,0,0
1098,130,1,9,0,0
1119,129,1,4,0,0
1139,119,1,3,0,0
1158,115,1,3,0,0
1179,113,1,2,0,0
1198,113,1,3,0,0
1219,113,0,2,0,0
1239,113,1,2,0,0
1259,112,0,2,0,0
1279,112,0,3,0,0
1299,115,0,2,0,0
1319,116,0,5,0,0
1340,124,1,9,0,0
1359,125,64,10,0,0
1382,135,9,22,0,0
1403,141,0,22,0,0
1424,148,159,49,0,0
1447,170,161,67,0,0
1471,177,160,77,0,98
1495,170,160,62,0,94
1520,166,160,47,0,0
1542,164,159,49,0,0
1566,164,173,36,0,0
1590,153,172,29,0,0
1613,160,172,21,0,0
1637,138,81,13,0,0
1658,137,0,11,0,0
1680,136,0,11,0,0
1701,137,3,6,0,0
1721,138,4,10,0,0
1742,138,27,22,0,0
1765,142,33,25,0,0
1786,144,4,24,0,0
1808,146,0,17,0,0
1829,147,171,17,0,0
1853,148,174,24,0,0
1875,151,168,32,0,0
1899,165,161,72,0,104
1924,165,161,64,0,103
1950,155,160,59,0,103
1976,154,164,39,0,0
1999,147,174,28,0,103
2025,139,173,26,0,0
2048,138,173,24,0,0
2071,136,172,19,0,0
2094,136,68,19,0,0
2117,135,85,26,0,0
2139,134,57,21,0,0
2161,134,23,16,0,0
2183,132,3,13,0,0
2205,130,2,12,0,0
2225,130,2,12,0,0
2247,131,2,17,0,0
2268,132,2,18,0,0
2289,141,1,25,0,0
2310,140,43,23,0,0
2333,141,58,25,0,0
2356,142,74,28,0,0
2377,143,167,43,0,85
2402,149,71,77,0,102
2426,153,160,78,12,97
2452,151,161,79,5,102
2477,147,161,67,0,0
2501,146,163,58,0,0
2524,139,158,42,0,0
2547,138,154,39,0,0
2571,138,56,35,0,0
2593,138,0,28,0,0
2614,137,0,23,0,0
2635,137,2,24,0,0
2657,137,2,16,0,0
2677,135,47,19,0,0
2700,136,0,21,0,0
2721,137,1,22,0,0
2742,138,1,27,0,0
2763,141,52,31,0,0
2786,143,1,33,0,0
2807,144,0,37,0,0
2828,146,0,40,0,0
2849,142,0,41,0,87
2872,142,0,51,0,98
2893,152,1,103,19,101
2919,150,170,98,16,82
2944,149,71,82,17,80
2969,138,0,75,18,84
2992,90,0,62,0,0
3012,88,0,51,0,100
3034,133,0,46,0,0
3056,89,0,43,0,0
3075,88,0,38,0,0
3096,92,0,30,0,0
3116,91,0,26,0,0
3136,90,0,27,0,0
3156,89,0,20,0,0
3176,90,0,21,0,0
3196,90,0,20,0,0
3217,91,0,22,0,0
3236,127,0,21,0,0
3258,135,2,25,0,0
3279,133,2,28,0,0
3300,139,0,31,0,0
3321,141,0,33,0,0
3343,143,3,40,0,102
3365,142,65,41,0,101
3390,146,0,75,19,104
3414,149,0,78,12,104
3439,143,0,71,15,103
3463,141,0,65,15,101
3488,137,0,61,17,0
3510,89,0,53,0,0
3530,88,0,42,0,0
3550,141,0,39,0,0
3571,139,0,29,0,0
3593,91,1,24,0,0
3612,91,1,23,0,0
3632,91,0,20,0,0
3653,92,0,17,0,0
3672,92,0,21,0,0
3693,94,0,23,0,0
3712,93,31,25,0,0
3734,94,44,29,0,0
3755,97,3,30,0,0
3775,100,2,30,0,0
3796,143,30,33,0,0
3819,143,0,36,0,0
3839,140,0,42,0,87
3862,141,2,47,0,99
3884,144,0,73,0,103
3908,147,0,79,0,104
3930,147,0,76,0,97
3953,144,0,69,0,102
3977,143,0,60,0,0
3998,139,0,54,0,0
4019,138,0,45,0,0
4040,137,0,41,0,0
4060,136,0,39,0,0
4082,139,0,41,0,0
4103,138,3,41,0,0
4124,137,3,33,0,0
4145,137,3,32,0,0
4167,131,2,32,0,0
4187,130,1,30,0,0
4209,137,3,35,0,0
4230,137,2,36,0,0
4251,137,2,37,0,0
4272,138,2,38,0,0
4294,138,0,42,0,0
4314,136,74,48,0,0
4337,141,1,56,0,0
4358,141,0,51,0,79
4380,145,0,77,0,38
4403,149,0,99,0,41
4425,148,157,95,0,92
4450,141,0,77,0,100
4472,140,0,78,0,101
4496,139,0,70,0,0
4517,138,0,63,0,0
4539,135,0,60,0,0
4559,133,0,52,0,0
4581,128,1,41,0,0
4601,83,1,36,0,0
4622,90,2,35,0,0
4642,90,2,35,0,0
4662,90,2,34,0,0
4682,135,3,34,0,0
4704,137,2,35,0,0
4724,138,2,38,0,0
4746,138,3,39,0,0
4766,139,0,43,0,0
4788,139,2,44,0,0
4809,137,1,41,0,0
4830,139,0,44,0,0
4851,141,0,45,0,0
4873,143,0,55,0,0
4893,146,0,67,0,43
4916,147,1,95,0,44
4938,146,148,84,0,79
4963,144,0,76,0,98
4984,142,0,66,0,99
5007,140,0,58,0,83
5029,137,0,49,0,0
5050,137,0,32,0,0
5071,136,0,30,0,0
5093,135,0,27,0,0
5113,135,3,25,0,99
5136,134,3,23,0,85
5180,134,4,25,0,0
5201,135,3,29,0,0
5223,136,4,29,0,0
5265,137,3,34,0,0
5286,135,2,41,0,96
5308,137,0,43,0,81
5330,139,0,45,0,79
5353,142,158,43,0,82
5377,142,149,52,0,43
5402,151,160,90,0,41
5425,149,160,74,0,90
5450,146,159,62,0,98
5475,145,163,57,0,97
5499,137,166,52,0,80
5524,135,158,45,0,0
5547,135,169,32,0,101
5573,134,171,29,0,100
5599,133,66,28,0,99
5621,133,0,27,0,102
5645,132,0,27,0,88
5667,131,1,29,0,0
5688,131,2,26,0,0
5709,132,3,28,0,98
5732,133,3,33,0,0
5752,134,0,34,0,0
5774,135,14,38,0,89
5797,135,48,38,0,100
5822,138,170,43,0,0
5845,140,166,44,0,0
5868,143,157,49,0,81
5892,150,163,92,0,43
5917,151,151,83,0,86
5942,149,163,77,0,83
5966,148,172,63,0,0
5990,145,163,56,0,0
6013,137,162,47,0,0
6036,135,162,39,0,0
6059,134,88,28,0,0
6082,134,150,26,0,0
6105,133,75,24,0,0
6127,132,16,21,0,0
6149,131,0,19,0,0
6171,131,0,19,0,0
6191,132,0,32,0,0
6213,132,0,30,0,0
6234,133,0,34,0,0
6255,134,150,36,0,0
6278,137,171,41,0,0
6302,140,170,42,0,0
6326,142,160,43,0,0
6349,144,153,42,0,0
6373,147,149,63,0,82
6396,151,150,78,0,40
6421,150,190,83,0,0
6444,148,191,52,0,103
6470,146,160,49,0,0
6494,137,164,42,0,0
6517,136,175,32,0,0
6540,135,163,27,0,0
6563,135,162,26,0,0
6587,134,160,24,0,0
6610,133,171,20,0,0
6634,132,78,20,0,0
6655,132,81,21,0,0
6678,132,79,23,0,0
6700,133,82,23,0,0
6723,134,84,24,0,0
6745,134,171,24,0,0
6768,135,172,31,0,0
6791,136,173,32,0,0
6815,135,173,32,0,0
6839,137,85,41,0,0
6861,141,163,40,0,0
6884,141,190,46,0,0
6907,144,167,60,0,0
6931,150,169,98,0,39
6955,150,181,91,0,100
6981,149,183,80,0,101
7007,144,189,70,0,0
7029,140,189,66,0,0
7053,138,188,50,0,0
7076,136,187,34,0,0
7100,135,168,30,0,0
7123,134,90,28,0,0
7145,133,161,26,0,0
7168,133,170,25,0,0
7192,132,171,27,0,0
7215,133,170,28,0,0
7239,133,168,37,0,0
7263,134,171,37,0,0
7285,134,173,39,0,0
7309,134,173,39,0,0
7332,135,162,39,0,0
7356,139,176,45,0,0
7379,142,186,44,0,0
7402,143,177,57,0,0
7425,150,177,92,0,41
7450,150,185,84,0,102
7476,149,185,74,0,102
7501,147,189,64,0,102
7527,139,183,50,0,0
7550,137,185,48,0,0
7574,136,187,38,0,0
7596,135,186,31,0,0
7620,134,152,27,0,0
7643,133,162,23,0,0
7667,133,173,21,0,89
7692,133,173,21,0,102
7717,132,172,22,0,0
7740,133,170,23,0,0
7763,134,170,31,0,96
7788,135,173,31,0,96
7812,135,173,33,0,0
7836,136,172,32,0,0
7860,142,161,33,0,0
7882,142,163,42,0,0
7906,144,162,50,0,0
7929,151,164,86,0,40
7954,151,191,81,0,75
7978,150,189,72,0,0
8002,149,183,55,0,0
8024,147,177,49,0,0
8048,139,189,34,0,0
8071,136,175,31,0,0
8095,135,177,26,0,0
8119,134,194,25,0,0
8141,133,161,20,0,0
8165,132,159,15,0,0
8188,132,168,17,0,0
8212,132,171,17,0,0
8235,132,173,23,0,0
8259,133,174,25,0,0
8281,134,174,23,0,0
8305,134,171,25,0,0
8329,139,169,28,0,0
8352,141,186,25,0,0
8376,142,193,38,0,0
8398,145,182,40,0,0
8422,151,165,65,0,0
8445,151,188,57,0,86
8470,151,184,47,0,0
8493,149,173,39,0,0
8517,147,168,37,0,0
8539,137,167,33,0,0
8563,136,183,28,0,0
8587,135,163,24,0,0
8610,135,171,22,0,0
8634,133,174,15,0,0
8656,132,162,18,0,0
8680,132,159,20,0,0
8703,131,169,20,0,0
8727,132,170,23,0,0
8750,133,171,23,0,0
8774,133,171,26,0,0
8796,135,172,23,0,0
8820,141,172,26,0,0
8844,142,197,29,0,0
8867,144,198,36,0,0
8891,148,194,44,0,0
8913,152,194,73,0,74
8938,153,201,78,0,99
8962,150,189,54,0,0
8986,149,219,50,0,0
9009,141,205,46,0,0
9033,140,201,41,0,0
9056,138,200,35,0,0
9079,136,194,26,0,0
9103,135,180,26,0,0
9126,135,180,23,0,0
9150,133,177,16,0,0
9172,133,72,22,0,0
9195,133,69,23,0,0
9217,134,86,26,0,0
9240,135,93,27,0,0
9261,135,90,27,0,0
9284,141,93,27,0,0
9306,143,124,28,0,0
9330,144,117,34,0,0
9354,145,190,39,0,0
9376,147,199,53,0,0
9400,154,182,69,0,78
9424,155,204,65,0,99
9449,153,213,59,0,0
9472,150,224,46,0,0
9496,149,215,38,0,0
9518,147,203,33,0,0
9542,139,140,31,0,0
9566,138,131,26,0,0
9589,137,114,28,0,0
9613,137,122,21,0,0
9635,136,86,20,0,0
9658,135,89,17,0,0
9680,135,85,14,0,0
9703,135,84,13,0,0
9724,136,86,18,0,0
9747,142,86,19,0,0
9769,143,91,21,0,0
9792,143,90,24,0,0
9813,144,59,26,0,0
9836,145,105,29,0,0
9859,145,210,31,0,0
9883,146,178,42,0,101
9909,154,162,79,0,91
9933,156,198,75,0,91
9958,155,193,67,0,101
9982,152,166,37,0,0
10006,149,182,33,0,0
10030,146,182,29,0,0
10055,139,172,30,0,0
10080,137,81,16,0,0
10103,136,157,14,0,0
10128,134,161,13,0,0
10151,134,168,16,0,0
10176,134,170,20,0,0
10200,135,170,27,0,0
10225,135,92,29,0,0
10249,135,93,30,0,0
10272,140,94,30,0,0
10296,143,90,27,0,0
10318,144,161,27,0,0
10343,145,187,38,0,0
10367,147,191,45,0,0
10392,153,186,72,0,98
10417,153,185,69,0,0
10442,151,186,61,0,0
10467,148,196,44,0,0
10491,146,185,39,0,0
10515,144,187,28,0,0
10539,139,206,25,0,0
10564,138,199,24,0,0
10588,137,146,20,0,0
10613,136,54,18,0,0
10637,135,91,16,0,0
10659,134,95,20,0,0
10683,135,171,20,0,0
10707,137,164,27,0,0
10732,137,171,33,0,0
10756,139,183,36,0,0
10781,144,177,32,0,0
10806,145,178,35,0,0
10830,145,214,37,0,0
10854,147,207,49,0,0
10878,151,209,79,0,0
10903,154,208,74,0,0
10927,153,199,77,0,0
10952,152,213,60,0,0
10977,150,204,48,0,0
11001,147,185,40,0,0
11026,139,196,32,0,0
11049,139,195,31,0,0
11074,138,190,26,0,0
11098,137,191,26,0,0
11123,137,180,24,0,0
11148,137,178,22,0,0
11172,137,173,25,0,0
11197,138,161,27,0,0
11221,138,158,27,0,0
11246,141,161,28,0,0
11269,144,180,29,0,0
11294,144,182,29,0,0
11319,145,189,42,0,0
11343,147,199,45,0,0
11368,148,195,56,0,0
11392,154,187,82,0,0
11417,153,210,81,0,0
11441,152,208,61,0,0
11465,150,182,48,0,0
11490,148,189,44,0,0
11514,140,197,33,0,0
11539,139,175,33,0,0
11563,138,182,30,0,0
11588,138,181,26,0,0
11612,137,181,22,0,0
11637,136,177,25,0,0
11661,136,119,27,0,0
11685,138,99,30,0,0
11709,137,87,35,0,0
11732,137,99,35,0,0
11756,138,96,34,0,0
11779,138,118,37,0,0
11803,145,160,36,0,0
11828,146,191,49,0,0
11852,148,187,56,0,0
11877,152,188,72,0,0
11901,151,210,69,0,0
11926,149,204,51,0,0
11950,148,197,53,0,0
11975,147,194,46,0,0
11999,139,196,44,0,0
12023,138,191,39,0,0
12048,138,193,32,0,0
12072,137,181,29,0,0
12097,137,121,25,0,0
12121,136,87,21,0,0
12145,136,73,21,0,0
12167,136,68,20,0,0
12191,136,86,27,0,0
12215,137,81,31,0,0
12238,137,79,33,0,0
12262,137,85,37,0,0
12285,143,179,35,0,0
12309,145,195,37,0,0
12333,146,182,51,0,0
12358,147,182,55,0,0
12383,153,187,93,0,0
12407,152,177,86,0,0
12432,151,186,76,0,0
12456,149,198,56,0,0
12481,147,190,39,0,0
12504,140,198,33,0,0
12529,139,194,35,0,0
12554,138,191,28,0,0
12578,137,165,23,0,0
12603,137,108,24,0,0
12627,136,82,27,0,0
12651,136,162,23,0,0
12674,137,159,28,0,0
12699,137,160,29,0,0
12724,137,162,30,0,0
12748,137,159,31,0,0
12773,143,159,31,0,0
12797,145,191,33,0,0
12822,146,192,50,0,0
12846,147,195,56,0,0
12871,151,192,93,0,0
12895,152,207,89,0,0
12919,150,197,73,0,0
12944,149,203,63,0,0
12968,142,192,50,0,0
12993,139,189,41,0,0
13017,138,202,34,0,0
13042,138,193,32,0,0
13067,136,181,25,0,0
13090,136,178,26,0,0
13115,136,178,25,0,0
13139,135,175,25,0,0
13164,136,176,28,0,0
13188,136,100,32,0,0
13213,136,162,35,0,0
13238,137,90,36,0,0
13260,137,168,39,0,0
13285,138,188,45,0,0
13309,143,201,51,0,0
13334,144,201,56,0,0
13358,145,199,60,0,0
13383,147,201,55,0,0
13408,148,197,69,0,0
13432,149,198,69,0,0
13457,148,197,65,0,0
13480,147,196,59,0,0
13505,146,196,50,0,0
13529,139,197,47,0,0
13554,139,210,42,0,0
13579,138,211,34,0,0
13603,137,205,30,0,0
13628,137,194,28,0,0
13652,137,180,28,0,0
13676,136,179,28,0,0
13700,137,186,29,0,0
13725,137,189,37,0,0
13750,143,201,40,0,0
13774,143,203,42,0,0
13799,144,198,45,0,0
13823,145,204,49,0,0
13848,147,207,57,0,0
13871,149,208,77,0,0
13896,149,208,74,0,0
13921,148,207,70,0,0
13945,148,193,60,0,0
13970,145,180,60,0,86
13995,139,179,53,0,0
14020,139,175,50,0,0
14044,138,199,44,0,0
14068,138,196,41,0,0
14093,137,190,35,0,0
14117,138,174,35,0,0
14142,136,176,34,0,0
14166,136,122,36,0,0
14191,137,112,37,0,0
14215,137,119,43,0,0
14240,137,191,45,0,0
14264,137,194,46,0,0
14288,143,198,47,0,0
14313,144,185,48,0,0
14337,144,199,54,0,0
14362,145,207,52,0,0
14387,148,215,72,0,0
14411,148,206,81,0,0
14436,148,191,79,0,0
14460,147,197,67,0,0
14484,145,175,67,0,0
14508,138,169,58,0,0
14533,137,169,53,0,0
14558,137,181,50,0,0
14582,137,166,47,0,0
14607,136,137,40,0,0
14631,136,134,38,0,0
14656,136,132,38,0,0
14679,135,186,41,0,0
14704,136,136,41,0,0
14729,137,185,44,0,0
14753,142,185,45,0,0
14778,143,185,46,0,0
14802,144,179,48,0,0
14827,144,202,49,0,0
14851,145,206,62,0,0
14875,149,212,101,0,0
14901,148,213,98,0,0
14925,147,210,97,0,0
14950,146,180,85,0,0
14974,145,204,81,0,0
14999,143,185,71,0,0
15023,137,179,65,0,0
15048,137,183,52,0,0
15073,136,176,49,0,0
15096,136,184,45,0,0
15121,136,117,41,0,0
15145,135,140,39,0,0
15170,135,134,38,0,0
15194,135,130,38,0,0
15219,136,172,39,0,0
15244,137,188,40,0,0
15268,142,138,40,0,0
15292,143,191,44,0,0
15316,144,188,49,0,0
15341,145,190,58,0,0
15365,145,183,70,0,0
15390,148,197,101,0,0
15416,148,165,97,0,0
15440,147,181,80,0,0
15465,146,202,68,0,0
15488,145,191,59,0,0
15513,143,181,56,0,0
15537,137,182,48,0,0
15562,136,100,46,0,0
15587,135,134,36,0,0
15611,135,136,29,0,0
15636,135,129,32,0,0
15660,135,127,32,0,0
15684,138,112,35,0,0
15708,136,102,38,0,0
15733,141,117,38,0,0
15758,142,186,42,0,0
15782,143,191,45,0,0
15807,144,180,46,0,0
15831,145,177,48,0,0
15856,146,169,67,0,0
15881,148,198,100,0,72
15907,148,202,99,0,0
15931,147,167,86,0,0
15955,146,180,82,0,0
15980,145,181,77,0,0
16004,142,182,70,0,0
16029,137,182,64,0,0
16054,136,180,61,0,0
16078,136,175,52,0,0
16103,135,177,45,0,0
16126,135,135,40,0,0
16151,136,136,38,0,0
16175,136,132,38,0,0
16200,136,126,40,0,0
16225,137,121,41,0,0
16249,142,120,42,0,0
16274,143,129,45,0,0
16298,144,183,47,0,0
16322,144,172,51,0,0
16346,145,176,52,0,108
16373,147,176,77,0,0
16398,148,173,93,0,0
16422,149,208,91,0,0
16447,148,180,79,0,0
16471,147,178,73,0,0
16496,145,171,71,0,0
16521,142,183,61,0,0
16544,137,120,59,0,0
16569,137,121,53,0,0
16593,136,177,47,0,0
16618,136,124,43,0,0
16642,136,140,40,0,0
16667,136,139,38,0,0
16692,137,139,38,0,0
16716,139,136,44,0,0
16740,141,141,46,0,0
16764,143,142,48,0,0
16789,143,193,51,0,0
16813,144,189,55,0,0
16838,145,172,70,0,0
16863,147,177,84,0,0
16887,150,185,102,0,0
16913,149,177,104,0,0
16938,148,169,95,0,0
16962,147,167,90,0,0
16986,145,170,84,0,0
17011,138,121,75,0,0
17036,137,187,65,0,0
17060,137,97,61,0,0
17084,136,95,56,0,0
17107,135,134,45,0,0
17131,135,133,40,0,0
17155,134,133,39,0,0
17180,135,123,38,0,0
17205,135,115,42,0,0
17229,135,92,43,0,0
17253,135,91,46,0,0
17275,135,95,47,0,0
17299,140,141,48,0,0
17323,142,190,46,0,0
17348,143,183,58,0,0
17372,145,172,68,0,0
17397,146,185,105,0,0
17423,147,205,106,0,0
17448,147,205,102,0,86
17475,146,173,88,0,0
17499,145,174,87,0,88
17525,143,180,77,0,0
17549,137,181,68,0,0
17573,136,181,60,0,0
17598,136,100,52,0,0
17622,135,126,47,0,0
17647,134,85,43,0,0
17670,134,85,36,0,0
17693,134,65,37,0,0
17717,135,59,38,0,0
17740,135,62,40,0,0
17764,135,78,45,0,0
17787,140,113,46,0,0
17812,142,142,46,0,99
17837,143,172,51,0,0
17861,144,176,65,0,0
17886,146,205,106,0,0
17911,147,193,107,0,0
17937,147,195,102,0,0
17962,145,170,85,0,0
17987,146,170,84,0,0
18011,145,173,73,0,0
18036,143,117,60,0,0
18061,142,120,59,0,0
18084,137,125,50,0,0
18109,136,94,47,0,0
18132,136,110,41,0,0
18157,135,76,40,0,0
18180,135,77,37,0,0
18204,135,70,37,0,0
18227,134,127,36,0,0
18276,134,130,38,0,0
18300,135,130,41,0,0
18325,136,131,38,0,0
18349,140,140,42,0,0
18374,143,185,50,0,0
18399,145,185,65,0,0
18423,147,180,101,0,0
18448,148,180,91,0,88
18473,147,179,90,0,0
18498,146,187,88,0,90
18523,145,188,85,0,0
18548,143,188,71,0,0
18573,138,187,62,0,0
18597,137,187,57,0,0
18622,136,141,48,0,0
18646,135,86,40,0,0
18669,135,64,39,0,0
18692,135,62,40,0,0
18716,134,58,43,0,0
18740,135,81,41,0,0
18763,135,73,43,0,0
18786,136,73,44,0,0
18809,139,128,45,0,0
18834,141,143,47,0,0
18858,142,189,43,0,0
18883,143,181,52,0,0
18907,145,203,66,0,0
18932,146,208,103,0,0
18958,148,206,101,0,0
18983,148,204,100,0,0
19008,146,199,83,0,0
19032,146,187,79,0,0
19057,144,173,75,0,0
19082,137,183,68,0,0
19106,137,183,60,0,0
19131,137,183,57,0,0
19155,137,181,46,0,0
19180,137,184,45,0,0
19203,137,185,43,0,0
19228,137,188,44,0,0
19253,137,192,43,0,0
19277,137,190,44,0,0
19302,136,192,45,0,0
19326,141,192,54,0,0
19351,143,193,58,0,0
19375,143,182,61,0,0
19399,144,187,69,0,0
19424,146,181,83,0,0
19448,148,193,110,0,0
19474,148,188,109,0,0
19499,147,161,99,0,0
19524,147,195,84,0,0
19548,146,195,79,0,0
19573,144,95,70,0,0
19597,138,121,66,0,0
19620,138,119,60,0,0
19645,138,94,49,0,0
19668,137,141,47,0,0
19693,137,124,39,0,0
19717,136,133,41,0,0
19742,136,143,40,0,0
19767,136,135,46,0,0
19790,137,143,45,0,0
19815,140,143,48,0,0
19839,142,142,49,0,0
19864,143,138,55,0,0
19888,143,191,60,0,0
19913,145,188,67,0,0
19938,145,192,83,0,0
19962,148,199,108,0,0
19988,148,188,109,0,0
20013,147,194,100,0,0
20038,146,191,90,0,0
20063,146,99,85,0,0
20086,144,176,78,0,0
20111,143,117,70,0,0
20135,142,115,66,0,0
20160,141,176,60,0,0
20184,137,139,50,0,0
20209,137,79,43,0,0
20231,136,74,43,0,0
20255,136,69,41,0,0
20279,137,69,43,0,0
20302,141,124,45,0,0
20327,142,124,47,0,0
20351,143,185,49,0,0
20375,143,196,56,0,0
20399,144,198,65,0,0
20424,146,196,84,0,0
20449,148,204,109,0,0
20474,149,203,113,0,93
20501,147,202,105,0,0
20526,146,169,91,0,0
20551,145,175,85,0,0
20576,145,182,81,0,0
20600,143,97,78,0,0
20623,142,181,70,0,0
20647,140,181,63,0,0
20672,138,190,57,0,0
20696,138,128,50,0,0
20721,137,130,50,0,0
20746,137,123,49,0,0
20770,137,126,49,0,0
20794,137,136,51,0,0
20818,138,188,53,0,0
20843,141,189,56,0,0
20867,143,189,58,0,0
20892,144,195,67,0,0
20917,145,180,71,0,0
20941,147,191,92,0,0
20966,148,202,110,0,0
20991,148,195,114,0,0
21017,148,197,109,0,0
21041,146,173,96,0,0
21066,145,182,94,0,0
21091,144,182,84,0,0
21115,137,186,77,0,0
21140,137,185,69,0,0
21164,137,106,66,0,0
21189,137,115,54,0,0
21214,137,69,48,0,0
21236,136,93,44,0,0
21260,135,94,41,0,0
21283,136,94,44,0,0
21307,137,92,47,0,0
21330,139,121,49,0,0
21355,142,129,52,0,0
21378,143,191,55,0,0
21403,143,185,60,0,0
21428,144,186,69,0,0
21452,146,195,87,0,0
21477,150,200,106,0,0
21502,148,198,106,0,88
21529,147,199,98,0,0
21553,147,191,87,0,0
21578,146,171,79,0,0
21602,146,96,74,0,0
21625,144,189,66,0,0
21650,144,143,60,0,0
21674,143,138,48,0,0
21699,139,143,45,0,0
21723,138,133,42,0,0
21748,137,82,42,0,0
21771,137,127,40,0,0
21795,137,142,41,0,0
21820,142,138,46,0,0
21844,142,135,47,0,0
21869,143,135,50,0,0
21893,143,133,52,0,0
21918,145,179,58,0,0
21943,146,180,69,0,0
21967,148,174,108,0,0
21992,149,184,100,0,0
22017,149,200,110,0,0
22043,149,198,100,0,98
22070,150,166,78,0,0
22094,148,94,79,0,0
22118,147,92,67,0,0
22141,147,136,59,0,0
22166,144,118,47,0,0
22190,143,112,32,0,0
22214,137,109,32,0,0
22239,137,66,35,0,0
22262,136,114,35,0,0
22287,140,135,36,0,0
22311,142,131,37,0,0
22336,143,124,39,0,0
22360,144,127,40,0,0
22385,145,129,43,0,0
22409,146,110,50,0,57
22434,147,191,65,0,0
22459,149,175,88,0,0
22483,150,185,89,0,0
22508,151,184,84,0,0
22532,149,164,65,0,0
22557,149,162,64,0,0
22582,148,173,60,0,93
22606,147,183,48,0,0
22631,146,125,37,0,0
22655,145,116,31,0,0
22680,144,122,30,0,0
22704,144,129,30,0,0
22729,143,129,30,0,0
22754,143,129,28,0,0
22778,143,132,35,0,0
22803,144,135,36,0,0
22826,144,132,37,0,0
22851,144,135,38,0,0
22875,143,126,39,0,0
22900,144,117,40,0,0
22925,145,136,47,0,0
22949,147,116,52,0,42
22975,150,174,91,0,0
22999,150,173,89,0,0
23023,150,175,91,0,0
23047,149,170,82,0,0
23072,148,165,75,0,0
23097,147,146,75,0,0
23121,147,145,72,0,0
23146,146,156,61,0,0
23170,146,171,51,0,0
23195,145,176,44,0,0
23219,144,180,40,0,0
23243,143,129,31,0,0
23268,142,120,28,0,0
23292,142,91,26,0,0
23316,143,116,34,0,0
23340,143,123,35,0,0
23365,144,123,36,0,0
23390,145,180,40,0,0
23413,146,188,46,0,0
23438,147,179,51,0,0
23462,148,185,77,0,0
23487,150,196,98,0,0
23511,149,189,103,0,0
23537,148,186,99,0,0
23562,150,164,85,0,0
23586,149,176,80,0,0
23611,147,172,63,0,0
23634,143,182,55,0,0
23659,138,117,51,0,0
23683,137,117,41,0,0
23708,137,82,37,0,0
23732,136,64,40,0,0
23755,138,88,38,0,0
23778,136,129,41,0,0
23802,137,136,43,0,0
23827,137,138,45,0,0
23851,139,139,49,0,0
23876,142,117,52,0,0
23900,144,106,58,0,0
23925,145,173,68,0,0
23950,148,179,101,0,0
23975,148,190,104,0,0
24000,148,154,113,0,0
24025,146,167,102,0,0
24051,148,167,95,0,0
24076,141,97,87,0,0
24099,139,143,80,0,0
24124,138,107,71,0,0
24148,137,139,66,0,0
24173,137,50,61,0,0
24195,136,121,55,0,0
24220,137,126,51,0,0
24245,137,119,49,0,0
24269,136,138,51,0,0
24294,137,140,56,0,0
24318,137,126,58,0,0
24343,137,129,61,0,0
24367,141,112,67,0,0
24391,143,167,71,0,0
24416,145,182,79,0,0
24440,147,183,116,0,0
24466,148,193,115,0,0
24491,147,203,113,0,0
24517,145,196,98,0,0
24542,145,166,92,0,0
24566,145,172,84,0,0
24591,138,97,77,0,0
24613,138,181,72,0,0
24638,137,121,64,0,0
24662,136,127,57,0,0
24687,136,134,53,0,0
24711,136,92,50,0,0
24735,136,130,49,0,0
24760,136,130,50,0,0
24784,137,126,55,0,0
24808,137,120,59,0,0
24832,138,141,61,0,0
24857,141,120,63,0,0
24881,143,177,71,0,0
24906,144,177,79,0,0
24931,147,183,122,0,0
24956,146,187,126,0,0
24982,146,167,124,0,73
25008,145,163,106,0,0
25034,143,174,100,0,0
25060,136,183,90,0,0
25083,135,176,83,0,0
25108,135,173,82,0,0
25132,135,119,69,0,0
25157,135,128,58,0,0
25182,128,65,55,0,0
25205,128,125,50,0,0
25230,134,127,50,0,0
25254,134,119,50,0,0
25278,136,128,56,0,0
25302,137,110,57,0,0
25327,141,132,61,0,0
25351,143,180,67,0,0
25376,142,173,73,0,0
25401,145,188,80,0,0
25425,147,185,97,0,0
25450,147,194,115,0,0
25475,147,203,121,0,0
25500,147,198,109,0,0
25526,145,176,99,0,0
25550,144,182,97,0,0
25575,143,95,86,0,0
25598,137,182,72,0,0
25623,136,99,70,0,0
25646,136,94,63,0,0
25669,136,138,59,0,0
25694,136,69,48,0,0
25717,136,111,48,0,0
25742,136,140,49,0,0
25766,141,138,51,0,0
25791,143,133,53,0,0
25815,143,129,56,0,0
25840,144,122,58,0,0
25863,144,180,65,0,0
25888,145,180,74,0,0
25913,146,186,89,0,0
25937,148,196,112,0,0
25963,148,201,117,0,0
25988,148,195,108,0,0
26014,147,190,98,0,0
26039,145,193,95,0,0
26063,144,172,91,0,0
26087,144,188,83,0,0
26111,143,183,73,0,0
26136,143,183,64,0,0
26160,141,174,58,0,0
26185,137,116,57,0,0
26210,136,129,56,0,0
26234,136,127,54,0,0
26259,137,133,55,0,0
26282,142,133,58,0,0
26307,143,126,60,0,0
26331,143,119,60,0,0
26356,143,172,63,0,0
26381,144,197,73,0,0
26405,145,202,84,0,0
26430,147,202,112,0,0
26455,147,186,116,0,0
26481,147,203,116,0,0
26507,147,185,105,0,0
26532,145,184,96,0,0
26556,145,173,95,0,0
26580,144,170,95,0,0
26605,144,173,87,0,0
26629,143,173,76,0,0
26654,140,173,64,0,0
26679,136,181,64,0,0
26703,136,92,58,0,0
26726,136,125,55,0,0
26750,136,117,52,0,0
26775,138,120,53,0,0
26799,140,132,53,0,0
26824,141,128,55,0,0
26849,142,139,57,0,0
26873,143,188,62,0,0
26898,144,173,72,0,0
26921,144,184,74,0,0
26946,146,207,91,0,0
26970,148,210,118,0,0
26996,149,188,120,0,0
27022,147,170,114,0,0
27047,146,165,102,0,0
27073,145,171,100,0,0
27098,145,172,89,0,0
27123,144,98,72,0,0
27147,143,99,67,0,0
27169,141,97,60,0,0
27193,136,120,58,0,0
27217,136,133,55,0,0
27242,136,133,50,0,0
27266,137,130,49,0,0
27291,142,136,53,0,0
27316,143,136,56,0,0
27339,143,137,61,0,0
27364,144,140,65,0,0
27388,144,187,71,0,0
27413,145,183,79,0,0
27437,147,199,99,0,0
27462,147,198,114,0,0
27488,148,201,123,0,0
27513,148,195,112,0,0
27539,155,184,101,0,0
27564,157,176,99,0,0
27588,156,95,92,0,0
27611,155,95,80,0,0
27635,155,106,70,0,0
27660,155,105,56,0,0
27684,154,95,56,0,0
27708,149,116,51,0,0
27732,149,130,42,0,0
27756,150,129,42,0,0
27780,152,122,45,0,0
27805,154,132,51,0,0
27830,153,136,54,0,0
27854,153,102,57,0,0
27879,154,185,64,0,0
27903,153,190,69,0,0
27928,153,198,83,0,0
27951,157,183,113,0,0
27977,157,201,120,0,0
28003,162,174,118,0,0
28028,160,165,108,0,0
28054,159,194,101,0,0
28079,159,175,98,0,0
28104,159,173,92,0,0
28129,158,95,74,0,0
28152,157,96,70,0,0
28175,156,95,61,0,0
28198,155,127,56,0,0
28223,155,123,54,0,0
28247,157,125,53,0,0
28272,157,139,54,0,0
28297,157,140,58,0,0
28321,158,125,58,0,0
28346,158,125,59,0,0
28369,159,99,66,0,0
28393,159,178,68,0,0
28417,159,183,78,0,0
28442,161,180,94,0,0
28467,162,196,117,0,0
28492,163,191,124,0,0
28518,162,198,117,0,0
28543,161,164,105,0,0
28569,159,164,101,0,0
28595,158,90,98,0,0
28617,157,175,88,0,0
28642,156,167,70,0,0
28666,156,167,67,0,0
28691,155,126,57,0,0
28715,155,87,54,0,0
28739,154,98,53,0,0
28762,154,136,52,0,0
28786,155,136,54,0,0
28811,155,131,56,0,0
28835,155,121,59,0,0
28860,157,98,64,0,0
28883,157,175,77,0,0
28908,161,172,91,0,0
28932,162,190,111,0,0
28958,165,201,127,0,0
28983,168,206,129,0,0
29008,169,170,121,0,0
29034,168,150,111,0,0
29059,168,0,108,0,0
29083,166,0,102,0,0
29107,166,106,90,0,0
29131,167,127,83,0,0
29156,165,100,74,0,0
29180,165,118,65,0,0
29204,163,2,64,0,0
29226,162,97,63,0,0
29250,160,125,59,0,0
29274,164,135,60,0,0
29299,165,140,61,0,0
29324,166,139,62,0,0
29347,167,99,70,0,0
29371,167,133,73,0,0
29395,167,191,78,0,0
29420,169,186,88,0,0
29444,171,188,120,0,0
29470,172,174,128,0,0
29496,173,173,130,0,0
29521,173,156,119,0,0
29547,171,92,111,0,0
29571,171,169,106,0,0
29597,171,162,97,0,0
29621,169,94,88,0,0
29644,168,176,78,0,0
29669,168,100,70,0,0
29693,168,130,61,0,0
29718,167,94,57,0,0
29741,168,130,57,0,0
29766,168,134,56,0,0
29790,169,139,56,0,0
29814,169,136,58,0,0
29839,170,187,64,0,0
29863,171,170,75,0,0
29888,172,192,80,0,0
29912,173,195,94,0,0
29937,173,197,128,0,0
29963,173,171,131,0,0
29988,174,186,122,0,0
30013,173,151,109,0,0
30038,173,174,103,0,0
30064,172,179,100,0,0
30090,170,189,90,0,0
30114,169,189,82,0,0
30139,170,196,76,0,0
30163,169,194,71,0,0
30188,169,99,67,0,0
30211,168,126,63,0,0
30235,169,95,61,0,0
30259,168,92,58,0,0
30282,169,108,56,0,0
30307,169,179,62,0,0
30331,169,180,66,0,0
30356,170,170,70,0,0
30380,170,182,77,0,0
30404,172,181,85,0,0
30428,173,182,100,0,0
30454,175,173,121,0,0
30480,175,179,127,0,0
30505,175,174,126,0,0
30531,174,180,121,0,0
30556,173,147,118,0,0
30582,173,148,109,0,0
30608,173,0,106,0,0
30631,171,71,98,0,0
30655,171,86,88,0,0
30677,170,87,73,0,0
30701,169,171,66,0,0
30725,169,87,61,0,0
30749,168,81,59,0,0
30773,168,35,54,0,0
30795,168,77,54,0,0
30819,169,123,57,0,0
30843,170,130,60,0,0
30868,169,131,64,0,0
30892,170,177,69,0,0
30917,172,172,78,0,0
30942,173,178,87,0,0
30966,174,196,105,0,0
30991,174,176,120,0,0
31016,176,162,124,0,0
31042,174,159,117,0,0
31067,173,155,117,0,0
31093,173,0,110,0,0
31117,173,0,104,0,0
31140,172,0,99,0,0
31163,171,22,78,0,0
31185,171,168,71,0,0
31210,170,115,66,0,0
31234,169,118,62,0,0
31259,169,93,59,0,0
31283,169,91,56,0,0
31306,169,113,58,0,0
31331,170,87,63,0,0
31353,171,98,68,0,0
31377,170,122,70,0,0
31401,172,178,77,0,0
31426,173,175,88,0,0
31450,176,178,120,0,0
31476,176,202,130,0,0
31502,176,207,135,0,0
31527,177,208,128,0,0
31553,174,191,117,0,0
31578,174,165,114,0,0
31603,171,10,107,0,0
31628,170,93,85,0,0
31651,170,98,76,0,0
31675,170,96,65,0,0
31698,169,106,62,0,0
31723,169,30,58,0,0
31745,169,58,57,0,0
31769,169,87,58,0,0
31792,169,94,62,0,0
31816,170,118,64,0,0
31841,170,165,66,0,0
31865,171,176,71,0,0
31890,173,173,80,0,0
31913,173,172,91,0,0
31938,174,172,115,0,0
31963,176,207,122,0,0
31989,175,207,127,0,0
32015,174,207,116,0,0
32040,171,167,112,0,0
32066,172,150,110,0,0
32091,171,5,101,0,0
32115,170,13,81,0,0
32139,169,69,71,0,0
32161,170,27,67,0,0
32185,170,65,65,0,0
32208,169,42,60,0,0
32232,169,47,58,0,0
32255,169,118,60,0,0
32279,170,125,66,0,0
32303,170,119,67,0,0
32328,171,123,71,0,0
32353,171,133,82,0,0
32377,172,102,94,0,0
32402,173,179,112,0,0
32427,176,185,131,0,0
32453,176,203,136,0,0
32479,175,204,133,0,0
32504,173,197,118,0,0
32530,173,154,110,0,0
32555,174,152,106,0,0
32580,173,149,93,0,0
32604,172,151,78,0,0
32629,171,163,69,0,0
32654,171,157,65,0,0
32678,170,0,62,0,0
32701,170,52,62,0,0
32723,170,69,61,0,0
32747,171,155,62,0,0
32771,171,155,68,0,0
32796,171,158,68,0,0
32821,172,156,76,0,69
32846,170,165,86,0,0
32871,171,178,93,0,0
32895,173,185,109,0,0
32921,175,170,133,0,0
32945,175,187,140,0,0
32971,175,188,132,0,0
32997,172,160,115,0,0
33022,172,160,112,0,0
33048,171,160,107,0,0
33073,172,145,96,0,0
33098,171,35,80,0,0
33122,171,80,73,0,0
33145,171,57,71,0,0
33168,171,48,69,0,0
33191,170,63,70,0,0
33215,171,154,70,0,0
33239,171,148,70,0,0
33264,171,68,72,0,0
33287,172,84,74,0,0
33310,173,67,79,0,0
33334,174,162,83,0,0
33358,174,46,93,0,0
33382,174,166,114,0,0
33407,176,206,131,0,0
33433,177,202,135,0,0
33459,177,196,128,0,0
33484,175,194,116,0,0
33510,174,172,111,0,0
33535,174,172,104,0,0
33560,173,7,90,0,0
33582,172,27,77,0,0
33606,172,18,66,0,0
33630,171,96,67,0,0
33653,171,109,64,0,0
33678,171,102,66,0,0
33701,172,116,70,0,0
33726,172,112,73,0,0
33750,173,115,74,0,0
33775,173,81,75,0,0
33798,174,79,80,0,0
33822,174,170,83,0,0
33847,176,166,98,0,0
33870,176,199,131,0,0
33896,176,168,142,0,92
33922,176,166,139,0,0
33948,175,166,130,0,0
33974,175,173,114,0,0
33999,177,0,101,0,0
34023,175,71,93,0,0
34046,175,86,87,0,0
34070,175,182,72,0,0
34094,173,165,69,0,0
34118,170,102,66,0,0
34143,170,73,63,0,0
34166,169,100,64,0,0
34191,170,118,64,0,0
34215,170,119,64,0,0
34240,171,109,69,0,0
34264,172,121,71,0,0
34288,172,113,74,0,0
34313,170,174,74,0,0
34337,170,100,80,0,0
34362,171,173,93,0,0
34386,171,201,111,0,0
34412,171,165,127,0,0
34437,172,203,136,0,0
34463,171,204,127,0,0
34489,170,169,119,0,0
34514,169,160,112,0,0
34540,168,42,92,0,0
34562,168,22,87,0,0
34586,167,54,78,0,0
34609,167,81,72,0,0
34633,167,114,65,0,0
34658,169,119,63,0,0
34682,168,104,64,0,0
34706,169,172,67,0,0
34730,169,175,72,0,0
34755,169,172,76,0,0
34779,170,196,80,0,0
34804,170,64,91,0,0
34828,171,21,99,0,0
34851,173,179,127,0,0
34877,175,198,131,0,0
34902,174,181,141,0,0
34927,176,177,133,0,0
34953,176,1,115,0,0
34976,172,13,113,0,0
35001,171,73,96,0,0
35024,169,80,89,0,0
35048,169,48,77,0,0
35070,168,71,72,0,0
35094,171,56,66,0,0
35117,168,49,63,0,0
35141,168,58,61,0,0
35164,167,61,60,0,0
35188,169,93,62,0,0
35211,169,102,66,0,0
35235,170,97,70,0,0
35259,171,83,71,0,0
35282,171,96,72,0,0
35306,171,118,76,0,0
35329,173,93,87,0,0
35353,175,173,99,0,0
35377,175,200,126,0,0
35403,176,198,130,0,0
35429,178,194,125,0,0
35454,179,197,106,0,0
35480,178,163,96,0,0
35504,177,0,94,0,0
35527,176,155,88,0,0
35551,175,143,76,0,0
35575,175,139,69,0,0
35600,174,51,67,0,0
35623,174,151,65,0,0
35648,173,168,62,0,0
35672,171,175,62,0,0
35697,169,175,66,0,0
35721,171,156,72,0,0
35745,171,149,73,0,0
35770,172,150,74,0,0
35794,171,146,78,0,0
35819,172,143,81,0,0
35843,173,160,95,0,0
35868,177,195,129,0,0
35894,177,189,142,0,0
35919,177,189,150,0,0
35945,175,181,139,0,0
35969,175,0,124,0,0
35993,176,6,117,0,0
36016,174,147,100,0,0
36042,173,159,84,0,0
36067,169,159,76,0,0
36091,168,150,68,0,0
36116,167,27,68,0,0
36138,167,54,64,0,0
36162,167,72,63,0,0
36185,167,64,64,0,0
36209,168,74,70,0,0
36233,169,75,71,0,0
36256,169,153,76,0,0
36280,169,150,78,0,0
36304,170,167,78,0,0
36329,172,159,89,0,0
36353,173,175,106,0,0
36379,172,167,136,0,0
36405,173,159,144,0,0
36430,172,177,135,0,0
36456,175,0,113,0,0
36479,172,77,104,0,0
36503,171,97,100,0,0
36527,171,97,91,0,0
36551,167,185,81,0,0
36576,166,194,73,0,0
36600,166,122,66,0,0
36625,164,122,66,0,0
36649,165,121,60,0,0
36674,165,105,61,0,0
36697,166,110,63,0,0
36722,168,112,67,0,0
36747,169,121,68,0,0
36771,169,131,73,0,0
36796,171,207,77,0,0
36820,171,194,86,0,0
36845,173,183,105,0,0
36870,174,191,132,0,0
36896,173,191,136,0,0
36922,173,197,132,0,0
36946,174,197,126,0,0
36972,174,25,117,0,0
36996,172,53,111,0,0
37021,173,71,95,0,0
37045,172,76,83,0,0
37068,172,55,78,0,0
37092,169,13,73,0,0
37114,169,133,72,0,0
37139,169,127,69,0,0
37188,170,127,68,0,0
37212,171,122,70,0,0
37237,171,89,74,0,0
37261,171,163,77,0,0
37284,170,184,79,0,0
37309,171,95,82,0,0
37332,172,175,91,0,0
37357,174,96,107,0,0
37381,174,194,134,0,0
37407,174,193,140,0,93
37434,174,191,136,0,0
37459,173,196,113,0,0
37485,173,0,112,0,0
37508,172,39,107,0,0
37532,170,170,91,0,0
37557,169,70,84,0,0
37580,169,109,78,0,0
37605,169,63,73,0,0
37628,169,100,71,0,0
37653,169,131,67,0,0
37677,169,131,68,0,0
37701,169,97,74,0,0
37724,170,162,78,0,0
37749,170,110,81,0,0
37774,171,120,90,0,0
37798,172,90,92,0,0
37822,173,180,115,0,0
37847,173,190,136,0,0
37873,172,192,142,0,0
37898,172,194,142,0,0
37923,171,161,133,0,0
37949,170,165,128,0,0
37974,170,152,119,0,0
38000,167,0,118,0,0
38023,167,0,103,0,0
38047,166,0,98,0,0
38070,163,0,92,0,0
38091,164,56,72,0,0
38115,162,59,73,0,0
38138,163,36,68,0,0
38162,164,36,66,0,0
38185,165,46,73,0,0
38208,166,32,78,0,0
38231,166,30,81,0,0
38255,167,28,81,0,0
38278,151,30,85,0,0
38302,147,31,97,0,76
38326,146,153,112,0,0
38351,147,186,139,0,0
38377,149,202,148,0,0
38402,148,188,138,0,0
38428,149,187,126,0,0
38454,149,138,124,0,0
38479,148,11,117,0,0
38504,147,22,106,0,0
38528,147,62,95,0,0
38552,144,1,92,0,0
38573,145,0,85,0,0
38596,143,75,76,0,0
38619,142,64,75,0,0
38643,142,66,74,0,0
38666,143,65,75,0,0
38689,143,72,81,0,0
38713,143,69,83,0,0
38736,144,73,85,0,0
38760,144,67,87,0,0
38783,145,42,97,0,0
38806,154,43,101,0,0
38830,156,157,116,0,0
38856,158,201,142,0,0
38882,160,194,145,0,0
38907,162,192,139,0,0
38933,161,184,129,0,0
38958,160,66,121,0,0
38983,160,10,112,0,0
39008,158,4,110,0,0
39030,157,60,94,0,0
39054,158,21,82,0,0
39077,158,6,71,0,0
39100,158,59,70,0,0
39123,158,77,65,0,0
39146,159,73,63,0,0
39169,160,90,69,0,0
39193,160,74,72,0,0
39216,161,72,77,0,0
39240,161,79,80,0,0
39264,160,109,84,0,0
39287,159,100,98,0,0
39312,162,182,112,0,0
39337,164,199,143,0,0
39363,160,175,152,0,88
39390,167,149,149,0,0
39415,165,0,132,0,0
39439,165,149,128,0,0
39464,158,33,117,0,0
39489,156,0,95,0,0
39510,155,28,92,0,0
39534,158,24,81,0,0
39557,157,48,70,0,0
39581,158,69,68,0,0
39605,159,77,66,0,0
39627,159,88,71,0,0
39651,160,123,73,0,0
39675,162,79,76,0,0
39699,163,162,80,0,0
39723,165,134,84,0,0
39748,168,95,92,0,0
39771,167,96,102,0,0
39795,167,96,123,0,0
39820,154,198,146,0,0
39845,147,151,154,0,86
39872,147,150,147,0,0
39897,145,151,136,0,0
39923,145,91,130,0,0
39948,144,50,121,0,0
39972,143,0,112,0,0
39996,142,0,94,0,0
40017,142,0,91,0,0
40040,141,140,80,0,0
40064,140,0,77,0,0
40087,140,63,66,0,0
40109,139,51,66,0,0
40133,140,68,66,0,0
40156,140,69,72,0,0
40180,142,72,79,0,0
40204,142,113,80,0,0
40228,143,117,84,0,0
40252,144,173,91,0,0
40276,144,182,98,0,0
40301,146,195,129,0,0
40326,147,175,147,0,0
40352,148,188,147,0,0
40378,147,188,138,0,0
40403,146,166,127,0,0
40429,144,158,124,0,0
40454,144,0,117,0,0
40478,142,0,106,0,0
40501,142,0,99,0,0
40523,142,154,82,0,0
40548,140,0,80,0,0
40570,140,0,78,0,0
40592,140,63,69,0,0
40615,140,25,69,0,0
40639,141,43,71,0,0
40662,140,46,75,0,0
40686,141,43,78,0,0
40709,141,20,78,0,0
40732,141,26,80,0,0
40756,142,63,86,0,0
40779,142,144,92,0,0
40804,144,154,98,0,0
40828,144,200,105,0,0
40854,144,199,116,0,0
40879,145,194,132,0,0
40905,146,151,142,0,0
40931,147,150,143,0,0
40955,146,150,139,0,0
40981,144,149,130,0,0
41006,145,152,128,0,0
41032,143,0,109,0,0
41056,142,148,99,0,0
41080,141,138,94,0,0
41105,141,148,85,0,0
41129,141,154,84,0,0
41154,140,0,72,0,0
41175,141,0,71,0,0
41198,142,1,77,0,0
41220,142,147,84,0,0
41245,143,170,92,0,0
41270,143,179,97,0,0
41293,144,201,103,0,0
41319,145,201,120,0,0
41344,146,151,141,0,0
41370,147,179,148,0,84
41397,147,175,144,0,0
41422,146,166,135,0,0
41448,145,165,126,0,0
41473,144,161,123,0,0
41499,143,0,115,0,0
41523,142,144,100,0,0
41548,142,146,95,0,0
41573,142,14,83,0,0
41595,142,13,77,0,0
41619,141,16,76,0,0
41642,142,75,73,0,0
41666,142,87,76,0,0
41689,142,93,80,0,0
41712,142,89,84,0,0
41735,143,60,86,0,0
41759,143,41,88,0,0
41783,143,167,95,0,0
41807,144,179,103,0,76
41834,145,191,118,0,0
41859,146,204,141,0,0
41885,147,158,147,0,0
41911,146,157,140,0,0
41936,145,167,116,0,0
41962,145,164,120,0,0
41986,143,152,109,0,0
42012,143,0,95,0,0
42035,142,0,89,0,0
42057,143,0,84,0,0
42079,142,0,81,0,0
42101,141,64,78,0,0
42125,141,78,69,0,0
42148,141,77,69,0,0
42172,141,77,71,0,0
42194,142,69,77,0,0
42218,142,83,80,0,0
42241,143,122,84,0,0
42266,143,184,85,0,0
42291,143,174,95,0,0
42315,144,181,98,0,0
42340,146,165,119,0,0
42365,148,203,141,0,0
42391,147,171,142,0,0
42415,147,170,137,0,0
42441,145,160,123,0,0
42467,145,89,114,0,0
42491,144,0,104,0,0
42515,143,7,92,0,0
42537,143,62,85,0,0
42561,142,59,82,0,0
42583,143,0,77,0,0
42606,142,23,80,0,0
42629,142,112,78,0,0
42654,142,128,80,0,0
42679,143,79,85,0,0
42702,143,102,86,0,0
42726,143,47,89,0,0
42749,143,35,90,0,0
42773,144,71,99,0,0
42796,144,193,101,0,0
42822,145,193,127,0,0
42848,147,186,145,0,90
42874,147,167,148,0,0
42900,146,166,142,0,0
42925,145,169,127,0,0
42951,145,180,126,0,0
42976,144,146,112,0,0
43001,143,146,95,0,0
43026,143,152,86,0,0
43050,142,141,79,0,0
43075,142,0,79,0,0
43097,142,0,76,0,0
43119,141,10,71,0,0
43142,142,37,69,0,0
43166,142,36,69,0,0
43190,142,33,69,0,0
43213,142,42,75,0,0
43236,143,57,78,0,0
43259,143,61,80,0,0
43283,144,170,83,0,0
43307,145,167,88,0,0
43332,146,91,99,0,0
43355,147,206,143,0,0
43381,147,169,143,0,0
43407,147,170,142,0,0
43432,146,170,133,0,0
43457,145,165,126,0,0
43482,145,0,106,0,0
43506,145,147,92,0,0
43531,144,153,82,0,0
43555,143,154,78,0,0
43580,143,153,75,0,0
43604,143,44,71,0,0
43628,142,63,66,0,0
43650,142,104,67,0,0
43675,143,113,75,0,0
43700,143,104,77,0,0
43724,143,74,83,0,0
43748,143,84,88,0,0
43771,144,198,98,0,0
43795,145,192,104,0,0
43820,146,168,145,0,0
43846,147,156,146,0,0
43872,147,193,149,0,0
43897,145,164,139,0,0
43923,144,163,132,0,0
43948,144,147,122,0,0
43974,143,153,106,0,0
44000,142,1,91,0,0
44022,142,143,82,0,0
44047,142,148,81,0,0
44070,141,90,78,0,0
44094,141,85,77,0,0
44117,141,68,72,0,0
44141,142,50,72,0,0
44164,141,85,72,0,0
44188,142,109,74,0,0
44212,142,119,78,0,0
44236,143,178,79,0,0
44261,143,175,80,0,0
44285,144,198,83,0,0
44310,144,189,91,0,0
44334,145,198,102,0,0
44360,147,192,140,0,0
44386,147,166,142,0,0
44411,147,179,143,0,0
44437,146,180,134,0,0
44462,144,166,118,0,0
44487,144,183,117,0,0
44513,144,171,108,0,0
44538,143,154,94,0,0
44563,143,154,85,0,0
44587,143,153,78,0,0
44612,142,68,74,0,0
44635,142,48,68,0,0
44659,142,79,68,0,0
44682,142,149,68,0,0
44706,143,161,77,0,0
44731,143,167,79,0,0
44755,143,203,82,0,0
44780,143,200,88,0,0
44804,144,203,93,0,77
44830,145,204,116,0,0
44856,147,178,144,0,0
44881,148,180,146,0,99
44908,148,169,143,0,0
44933,147,164,135,0,0
44958,145,167,126,0,0
44984,145,200,116,0,0
45009,144,180,111,0,0
45035,144,146,99,0,0
45059,143,146,91,0,0
45084,142,146,85,0,0
45109,142,146,83,0,0
45133,142,144,78,0,0
45158,141,152,74,0,0
45182,141,153,71,0,0
45206,141,152,72,0,0
45230,141,151,72,0,0
45255,142,144,74,0,0
45280,142,145,79,0,0
45304,143,145,82,0,0
45329,143,146,91,0,0
45353,143,163,98,0,79
45379,145,204,116,0,0
45404,147,198,142,0,0
45430,147,202,148,0,0
45455,146,179,145,0,0
45480,145,175,133,0,0
45506,144,166,129,0,0
45531,144,167,115,0,0
45557,143,152,110,0,0
45583,141,157,99,0,0
45607,141,159,91,0,0
45632,141,159,89,0,0
45656,140,151,87,0,0
45681,140,152,80,0,0
45706,141,148,73,0,0
45729,140,0,71,0,0
45752,140,146,74,0,0
45776,141,146,77,0,0
45801,142,146,82,0,0
45825,143,173,84,0,0
45850,143,195,88,0,0
45875,144,192,98,0,0
45898,145,195,121,0,0
45924,149,171,139,0,0
45949,150,181,144,0,0
45975,150,184,141,0,0
46000,149,188,131,0,0
46026,149,168,125,0,0
46052,149,187,120,0,0
46077,149,168,103,0,0
46103,143,165,94,0,0
46127,143,144,90,0,0
46152,141,145,86,0,0
46177,141,145,82,0,0
46200,141,152,80,0,0
46225,141,149,77,0,0
46249,141,145,77,0,0
46274,142,144,79,0,0
46298,143,147,81,0,0
46323,143,164,85,0,0
46348,145,166,87,0,0
46372,144,164,98,0,0
46396,144,183,119,0,77
46422,145,182,140,0,0
46448,145,195,145,0,0
46474,146,193,146,0,0
46499,144,194,139,0,0
46525,144,168,133,0,0
46550,143,146,129,0,0
46576,143,146,110,0,0
46602,142,146,101,0,0
46627,141,146,96,0,0
46652,140,151,87,0,0
46676,140,150,84,0,0
46701,140,148,79,0,0
46724,140,141,68,0,0
46749,140,141,68,0,0
46774,141,143,74,0,0
46798,141,144,77,0,0
46823,142,153,84,0,0
46847,143,145,89,0,0
46872,143,160,97,0,0
46896,144,169,112,0,0
46922,146,170,133,0,0
46947,147,203,143,0,77
46973,147,184,144,0,0
46999,146,179,132,0,0
47024,145,172,121,0,0
47050,144,166,116,0,0
47076,143,142,109,0,0
47101,142,152,101,0,0
47127,142,152,89,0,0
47151,142,151,83,0,0
47176,141,150,84,0,0
47201,141,151,82,0,0
47225,141,6,75,0,0
47247,142,46,72,0,0
47270,142,164,79,0,0
47295,143,148,79,0,0
47319,143,155,81,0,0
47344,144,162,85,0,0
47369,145,198,87,0,0
47393,146,204,93,0,0
47417,149,199,132,0,0
47442,150,204,131,0,0
47468,150,205,132,0,0
47493,150,206,120,0,0
47519,148,206,101,0,0
47545,147,161,94,0,0
47569,145,200,78,0,0
47594,144,201,71,0,0
47618,144,215,67,0,0
47643,143,177,67,0,58
47669,143,176,57,0,0
47692,143,127,55,0,0
47717,143,126,55,0,0
47741,143,126,61,0,0
47766,144,128,61,0,0
47790,144,130,61,0,0
47815,145,195,62,0,0
47840,145,209,69,0,0
47864,145,204,72,0,0
47888,147,209,76,0,0
47912,150,191,126,0,0
47938,150,176,127,0,0
47963,150,178,128,0,0
47989,149,179,111,0,0
48015,148,198,94,0,0
48039,147,181,91,0,87
48065,145,197,84,0,0
48089,145,176,75,0,0
48114,145,176,68,0,0
48138,144,178,64,0,0
48162,144,177,59,0,0
48187,143,177,59,0,0
48211,143,179,57,0,0
48236,144,179,60,0,0
48260,145,199,64,0,0
48285,145,206,67,0,0
48310,145,211,74,0,0
48333,145,202,73,0,0
48358,146,199,75,0,0
48382,147,203,79,0,0
48407,148,195,104,0,0
48432,150,157,134,0,0
48458,151,186,139,0,0
48484,151,185,137,0,0
48509,149,187,114,0,0
48535,150,168,103,0,0
48560,147,177,96,0,0
48585,146,156,85,0,0
48610,146,175,74,0,0
48633,145,174,67,0,0
48658,145,175,61,0,0
48682,145,176,64,0,0
48707,144,176,63,0,0
48731,144,176,63,0,0
48756,145,176,65,0,0
48781,145,177,69,0,0
48805,145,177,70,0,0
48829,145,178,76,0,0
48853,146,179,80,0,0
48878,147,207,83,0,0
48902,150,174,123,0,0
48928,150,178,134,0,0
48954,150,194,136,0,0
48979,149,176,129,0,96
49006,147,169,105,0,0
49031,147,183,103,0,0
49057,146,182,96,0,0
49082,145,191,92,0,0
49105,144,178,86,0,0
49130,144,178,80,0,0
49154,143,177,75,0,0
49179,142,177,71,0,0
49204,142,120,68,0,0
49228,142,96,65,0,0
49252,142,111,67,0,0
49276,143,175,72,0,0
49300,143,172,78,0,0
49324,144,189,81,0,0
49349,145,192,82,0,0
49374,145,201,85,0,0
49398,147,199,104,0,0
49424,149,175,136,0,0
49449,149,177,146,0,98
49476,149,194,145,0,0
49502,148,192,133,0,0
49527,147,185,117,0,0
49553,146,186,107,0,0
49578,145,174,101,0,0
49603,144,163,91,0,0
49627,145,146,85,0,0
49652,144,144,80,0,0
49677,144,153,72,0,0
49701,143,163,68,0,0
49726,143,156,67,0,0
49750,144,159,67,0,0
49775,144,160,70,0,0
49798,144,169,73,0,0
49823,145,178,75,0,0
49848,145,192,76,0,0
49872,146,186,81,0,0
49897,147,176,87,0,0
49921,149,174,98,0,0
49946,150,175,135,0,0
49972,151,195,138,0,0
49997,150,195,132,0,0
50023,148,187,115,0,0
50048,148,186,108,0,0
50073,146,185,102,0,0
50099,146,199,92,0,0
50123,146,195,82,0,0
50148,145,199,75,0,0
50172,144,172,74,0,0
50197,144,180,68,0,0
50221,144,178,64,0,0
50246,143,128,64,0,0
50271,144,180,66,0,0
50294,143,181,73,0,0
50319,145,181,77,0,0
50343,145,181,79,0,0
50368,145,187,80,0,0
50392,145,212,86,0,0
50417,147,212,103,0,0
50443,149,203,138,0,0
50468,149,184,138,0,94
50495,149,187,139,0,0
50520,148,188,129,0,0
50546,147,159,121,0,0
50572,146,159,115,0,0
50596,146,177,98,0,0
50621,145,169,90,0,0
50645,145,175,78,0,0
50670,144,174,77,0,0
50694,144,160,71,0,0
50719,144,174,65,0,0
50744,143,175,65,0,0
50768,143,178,64,0,0
50792,144,181,70,0,0
50816,144,180,74,0,0
50841,145,181,77,0,0
50865,146,203,79,0,0
50890,146,191,86,0,0
50915,147,205,104,0,0
50940,149,201,138,0,0
50966,149,192,148,0,0
50991,149,184,146,0,91
51018,148,187,138,0,0
51044,146,178,124,0,0
51069,146,201,119,0,0
51095,145,173,106,0,0
51119,144,173,94,0,0
51144,144,179,87,0,0
51169,144,182,75,0,0
51193,142,180,73,0,0
51218,142,177,68,0,0
51242,141,176,65,0,0
51267,142,106,64,0,0
51291,142,173,68,0,0
51315,142,174,76,0,0
51340,143,176,84,0,0
51364,143,174,83,0,0
51389,145,172,85,0,0
51413,146,176,103,0,0
51439,149,174,138,0,0
51465,149,192,144,0,0
51490,149,192,144,0,0
51516,148,190,134,0,0
51541,147,179,116,0,0
51567,145,183,111,0,0
51593,145,174,96,0,0
51616,144,173,92,0,0
51641,144,174,85,0,0
51665,144,173,72,0,0
51690,143,175,68,0,0
51714,143,175,71,0,0
51739,142,169,67,0,0
51764,142,169,68,0,0
51788,143,169,76,0,0
51812,143,173,81,0,0
51836,144,180,82,0,0
51861,145,179,85,0,0
51885,145,175,93,0,0
51910,148,205,106,0,0
51936,150,197,137,0,0
51961,150,190,138,0,0
51987,149,193,131,0,0
52012,149,190,120,0,0
52038,148,196,108,0,0
52064,147,195,102,0,0
52089,146,174,97,0,0
52113,145,178,90,0,0
52137,144,177,82,0,0
52162,145,175,76,0,0
52186,144,177,73,0,0
52211,144,115,68,0,0
52236,144,107,67,0,0
52260,144,107,70,0,0
52285,145,171,77,0,0
52308,145,172,82,0,0
52333,145,177,84,0,0
52357,146,175,87,0,0
52382,146,177,91,0,0
52407,146,209,100,0,0
52432,150,195,140,0,0
52458,151,177,146,0,0
52483,151,174,141,0,0
52509,151,179,123,0,0
52535,148,203,111,0,0
52560,147,198,105,0,0
52586,147,172,95,0,0
52609,146,183,90,0,0
52634,145,183,85,0,0
52659,145,182,80,0,0
52683,145,118,74,0,0
52708,145,96,69,0,0
52731,145,94,66,0,0
52755,145,94,67,0,0
52777,145,95,67,0,0
52801,145,95,69,0,0
52824,145,95,72,0,0
52848,146,102,73,0,0
52873,147,171,80,0,0
52897,147,173,82,0,0
52921,150,169,93,0,0
52945,151,171,126,0,0
52971,151,203,137,0,85
52997,151,203,121,0,0
53023,148,202,107,0,0
53049,147,188,106,0,0
53074,146,171,93,0,0
53099,145,188,86,0,0
53123,146,178,83,0,0
53148,145,180,79,0,0
53173,145,95,73,0,0
53195,144,112,70,0,0
53220,144,94,67,0,0
53243,144,95,68,0,0
53267,145,95,68,0,0
53290,145,95,72,0,0
53313,145,95,74,0,0
53336,145,117,77,0,0
53361,145,176,81,0,0
53386,146,176,87,0,0
53410,147,199,94,0,0
53435,150,191,124,0,0
53460,152,192,139,0,70
53487,152,192,143,0,98
53514,151,180,137,0,0
53539,149,189,125,0,0
53565,149,182,112,0,0
53590,147,187,106,0,0
53615,146,169,97,0,0
53639,146,169,88,0,0
53664,145,166,80,0,0
53689,145,162,79,0,0
53713,144,174,70,0,0
53738,145,108,68,0,0
53762,144,112,67,0,0
53787,142,95,68,0,0
53809,144,99,70,0,0
53833,145,106,73,0,0
53858,145,178,75,0,0
53882,146,176,81,0,0
53907,146,212,82,0,0
53931,149,210,94,0,0
53956,152,204,140,0,0
53982,151,165,142,0,96
54008,152,184,141,0,87
54035,150,188,129,0,0
54059,149,184,113,0,0
54085,147,195,105,0,0
54111,147,170,92,0,0
54135,146,171,82,0,0
54160,145,176,80,0,0
54184,145,173,78,0,0
54209,144,106,69,0,0
54233,144,106,68,0,0
54258,143,95,67,0,0
54281,145,95,69,0,0
54304,145,95,70,0,0
54328,145,93,75,0,0
54351,145,105,75,0,0
54376,147,178,76,0,0
54400,148,178,80,0,0
54424,148,212,85,0,0
54448,149,209,92,0,0
54473,151,194,136,0,0
54499,151,162,135,0,0
54524,151,160,134,0,57
54551,151,179,118,0,0
54576,150,162,110,0,0
54602,149,198,103,0,0
54628,147,198,92,0,0
54652,147,197,83,0,0
54677,146,188,73,0,0
54701,146,171,75,0,0
54725,145,171,74,0,0
54750,146,171,73,0,0
54774,146,171,74,0,0
54799,147,175,80,0,0
54823,147,175,81,0,0
54848,148,179,82,0,0
54872,149,189,86,0,0
54897,149,194,93,0,0
54921,151,194,104,0,0
54946,151,199,136,0,88
54973,152,194,139,0,90
54999,151,191,133,0,0
55025,149,190,121,0,0
55051,147,192,117,0,0
55076,147,159,105,0,0
55102,147,155,95,0,0
55126,146,162,87,0,0
55151,146,156,79,0,0
55175,146,158,75,0,0
55200,145,147,75,0,0
55224,145,159,76,0,0
55248,146,173,72,0,0
55273,146,176,71,0,0
55297,146,178,72,0,0
55322,146,179,76,0,0
55347,147,179,80,0,0
55371,148,181,82,0,0
55396,148,202,89,0,0
55419,149,203,101,0,0
55445,151,203,133,0,0
55470,151,160,136,0,99
55497,153,162,133,0,0
55523,149,165,123,0,0
55548,148,196,119,0,0
55574,147,202,116,0,0
55599,146,178,97,0,0
55624,146,171,96,0,0
55649,145,154,83,0,0
55673,145,169,80,0,0
55698,144,153,80,0,0
55721,144,170,71,0,0
55746,143,168,71,0,0
55770,145,161,76,0,0
55795,145,161,80,0,0
55820,144,164,83,0,0
55844,145,152,87,0,0
55869,145,186,92,0,0
55893,146,179,113,0,0
55919,149,191,139,0,0
55945,149,162,141,0,0
55969,149,185,144,0,0
55995,149,185,134,0,0
56020,147,160,125,0,0
56046,146,165,120,0,0
56071,145,145,102,0,0
56097,143,144,96,0,0
56122,144,144,90,0,0
56146,143,151,82,0,0
56171,143,152,77,0,0
56195,142,145,77,0,0
56219,142,0,67,0,0
56264,141,0,64,0,0
56287,143,0,71,0,0
56308,143,0,73,0,0
56331,143,147,76,0,0
56355,143,151,84,0,0
56380,145,164,89,0,0
56404,145,171,95,0,82
56430,146,191,119,0,0
56455,149,201,134,0,0
56481,148,197,140,0,0
56507,147,199,133,0,0
56532,146,179,122,0,0
56557,145,175,104,0,0
56582,144,145,97,0,0
56607,144,169,92,0,0
56632,143,168,77,0,0
56656,143,161,74,0,0
56681,143,22,72,0,0
56704,142,44,70,0,0
56727,142,62,66,0,0
56750,142,98,71,0,0
56774,143,97,79,0,0
56798,143,109,81,0,0
56822,144,176,82,0,0
56847,144,175,86,0,88
56872,145,203,90,0,0
56896,147,203,102,0,0
56921,148,188,132,0,0
56947,150,158,134,0,0
56973,151,159,134,0,0
56998,149,159,127,0,0
57024,148,155,110,0,0
57049,147,168,103,0,0
57075,145,154,91,0,0
57100,145,152,82,0,0
57124,145,151,75,0,0
57149,144,147,71,0,0
57173,144,163,70,0,0
57197,143,135,66,0,0
57221,143,43,65,0,0
57245,144,80,70,0,0
57269,144,124,75,0,0
57293,144,171,76,0,0
57318,145,173,78,0,0
57342,145,167,80,0,0
57366,146,169,85,0,0
57390,147,200,98,0,0
57415,150,187,131,0,0
57441,150,150,126,0,0
57466,151,150,134,0,0
57492,151,150,127,0,0
57517,149,150,112,0,0
57543,147,173,107,0,0
57569,146,35,92,0,0
57592,145,163,89,0,0
57616,144,174,81,0,0
57640,144,172,78,0,0
57665,143,164,78,0,0
57689,143,76,70,0,0
57713,143,89,72,0,0
57737,143,68,72,0,0
57760,143,72,74,0,0
57783,143,175,76,0,0
57807,143,173,80,0,0
57832,144,173,82,0,0
57856,145,193,86,0,0
57881,146,205,93,0,86
57907,148,205,115,0,0
57932,150,171,134,0,83
57959,150,196,137,0,88
57985,150,198,134,0,0
58011,149,195,118,0,0
58037,147,172,115,0,0
58062,147,162,106,0,0
58087,145,173,90,0,0
58111,144,156,82,0,0
58136,144,168,81,0,0
58160,143,99,76,0,0
58184,143,105,70,0,0
58209,143,115,66,0,0
58233,143,118,68,0,0
58258,143,119,71,0,0
58281,143,114,76,0,0
58306,144,123,78,0,0
58330,145,119,82,0,0
58355,145,184,87,0,0
58380,146,215,90,0,0
58404,148,217,108,0,0
58430,151,197,133,0,0
58455,151,194,135,0,0
58481,150,193,124,0,0
58507,149,173,109,0,0
58532,148,178,105,0,0
58557,147,198,94,0,0
58581,145,202,92,0,0
58606,145,169,83,0,0
58630,145,164,80,0,0
58655,144,162,78,0,0
58680,144,134,77,0,0
58704,143,114,68,0,0
