2,117,0,9,0,102
20,117,0,10,0,102
42,116,0,8,0,102
62,117,0,9,0,102
81,118,0,7,0,102
102,118,0,7,0,102
123,117,0,6,0,102
145,115,0,6,0,103
165,116,0,3,0,103
187,116,0,0,0,103
208,117,0,4,0,103
229,116,0,3,0,103
250,117,0,4,0,103
271,118,0,3,0,103
292,117,0,3,0,104
314,117,0,3,0,104
334,117,0,3,0,104
356,117,0,3,0,104
377,117,0,3,0,104
398,117,0,6,0,104
419,117,0,8,0,103
441,117,0,8,0,103
461,117,0,7,0,104
483,118,0,6,0,103
504,118,0,6,0,103
525,118,0,6,0,103
546,118,0,7,0,90
567,118,0,7,0,92
586,117,0,6,0,92
607,118,0,7,0,91
626,117,0,6,0,91
647,117,0,6,0,91
667,124,0,0,0,98
687,126,0,0,0,94
707,118,0,4,0,104
729,117,158,10,0,104
752,121,157,15,0,104
777,128,158,15,0,108
801,150,0,16,0,104
824,198,0,18,0,100
845,209,0,23,0,111
868,213,0,34,0,9
888,214,0,41,0,87
909,217,158,57,0,86
932,218,159,62,0,84
956,217,159,61,0,90
980,215,159,49,0,11
1003,212,159,40,0,95
1027,212,159,34,0,83
1051,199,160,26,0,0
1075,195,160,17,0,0
1098,187,160,9,0,0
1121,149,160,14,0,1
1143,129,160,16,0,0
1167,136,160,16,0,0
1190,139,160,16,0,0
1214,154,159,17,0,0
1238,159,156,16,0,0
1261,157,160,17,0,0
1284,153,160,17,0,0
1307,198,159,17,0,0
1331,204,159,23,0,0
1354,212,159,28,0,0
1378,214,159,37,0,96
1402,219,158,48,0,102
1427,221,160,59,0,0
1451,223,160,64,0,7
1474,222,160,63,0,6
1498,222,161,60,0,98
1522,221,161,53,0,39
1547,219,161,38,0,0
1569,216,161,34,0,0
1593,204,160,30,0,0
1616,202,161,22,0,0
1640,199,157,21,0,0
1664,194,152,20,0,0
1687,150,158,19,0,0
1710,152,142,21,0,1
1755,200,0,21,0,2
1775,202,0,21,0,2
1797,204,146,20,0,3
1820,207,158,21,0,2
1844,207,159,29,0,0
1867,213,159,33,0,0
1890,228,159,44,0,0
1913,221,159,43,0,95
1938,225,159,68,0,103
1964,225,159,72,0,103
1989,225,160,67,0,100
2015,223,160,63,0,63
2039,222,160,56,0,0
2062,218,160,45,0,0
2085,207,159,34,0,0
2109,206,159,33,0,0
2133,204,159,30,0,0
2156,203,158,24,0,0
2180,199,151,25,0,0
2202,208,0,22,0,0
2224,208,0,20,0,1
2245,211,0,27,0,2
2266,211,158,27,0,2
2289,203,159,28,0,1
2313,204,159,25,0,0
2336,207,159,31,0,0
2360,223,159,39,0,0
2382,229,159,43,0,0
2406,222,159,51,0,0
2429,217,160,68,0,98
2454,215,160,73,0,99
2479,214,160,64,0,99
2503,213,159,60,0,27
2527,210,159,57,0,0
2550,207,159,47,0,0
2574,203,159,37,0,0
2597,202,159,32,0,0
2621,199,159,24,0,0
2645,196,159,28,0,0
2667,193,160,26,0,0
2691,149,158,25,0,0
2714,151,157,24,0,0
2738,159,159,25,0,0
2761,179,159,26,0,0
2784,208,158,21,0,0
2807,210,158,20,0,0
2831,203,160,32,0,0
2878,208,159,37,0,0
2902,218,159,56,0,45
2925,217,160,75,0,98
2950,214,160,74,0,87
2974,212,160,72,0,91
2999,212,159,70,0,0
3022,209,160,55,0,0
3046,206,159,59,0,0
3068,206,159,43,0,0
3092,203,159,31,0,0
3116,200,159,25,0,0
3139,197,159,18,0,0
3163,152,159,23,0,0
3185,137,159,21,0,0
3209,136,159,20,0,0
3232,146,159,20,0,0
3256,158,160,21,0,0
3279,192,159,21,0,0
3303,203,159,25,0,0
3325,203,159,33,0,0
3349,211,159,39,0,0
3373,222,159,42,0,0
3396,225,159,43,0,0
3420,228,159,59,0,0
3442,227,159,62,0,0
3466,227,159,61,0,0
3489,225,159,56,0,0
3513,211,159,51,0,0
3536,210,159,42,0,0
3560,208,159,40,0,0
3583,204,155,29,0,0
3606,201,0,26,0,0
3628,183,0,24,0,0
3648,133,0,15,0,0
3670,78,0,18,0,0
3690,131,0,18,0,103
3713,132,0,16,0,69
3735,134,0,20,0,0
3757,159,0,23,0,0
3778,203,155,25,0,0
3801,207,159,29,0,0
3824,207,159,30,0,0
3848,221,159,37,0,0
3871,228,159,37,0,0
3895,224,160,53,0,0
3917,223,161,69,0,72
3942,220,160,63,0,90
3967,220,159,59,0,84
3991,216,159,59,0,0
4015,214,160,52,0,0
4038,211,159,37,0,0
4061,209,159,31,0,0
4084,206,160,18,0,0
4108,202,159,14,0,0
4131,155,159,19,0,0
4155,129,149,19,0,0
4178,132,158,18,0,0
4201,158,158,20,0,0
4225,161,158,20,0,0
4248,163,159,21,0,0
4272,205,159,16,0,0
4295,206,159,20,0,94
4319,208,159,28,0,0
4342,212,159,46,0,0
4366,225,159,47,0,0
4389,221,159,65,0,0
4413,223,159,74,0,42
4438,222,159,66,0,0
4460,220,159,64,0,0
4484,216,159,62,0,0
4507,212,160,53,0,0
4531,221,159,49,0,0
4554,210,158,36,0,0
4578,206,156,37,0,0
4600,203,0,24,0,0
4622,200,0,26,0,100
4645,157,0,21,0,98
4667,126,0,21,0,0
4688,187,0,20,0,0
4710,196,0,21,0,0
4730,199,0,24,0,99
4753,203,157,26,0,0
4777,204,159,31,0,0
4800,214,159,36,0,0
4824,216,159,42,0,0
4846,220,159,56,0,0
4870,223,159,76,0,0
4893,221,159,68,0,0
4917,218,159,65,0,0
4940,216,159,63,0,0
4963,214,159,57,0,0
4986,218,159,55,0,0
5010,209,159,35,0,0
5034,206,162,34,0,0
5057,203,162,30,0,0
5081,202,151,23,0,0
5103,199,159,24,0,0
5127,194,0,23,0,0
5148,195,0,20,0,0
5169,199,0,22,0,0
5190,202,158,25,0,0
5214,203,155,27,0,0
5237,205,159,31,0,101
5263,207,159,35,0,0
5285,209,159,40,0,0
5309,214,159,51,0,0
5333,218,159,50,0,0
5356,233,161,74,0,0
5380,233,160,72,0,0
5403,232,160,64,0,0
5426,233,160,66,0,0
5449,229,161,57,0,0
5473,220,160,49,0,0
5496,215,159,34,0,0
5520,206,159,32,0,0
5542,200,162,28,0,91
5567,204,158,19,0,102
5593,195,159,22,0,101
5618,126,0,19,0,94
5641,127,0,19,0,90
5662,131,0,20,0,0
5684,156,159,22,0,0
5707,199,159,25,0,0
5731,204,159,25,0,0
5754,206,159,32,0,0
5777,209,159,35,0,92
5802,218,160,51,0,0
5825,212,162,46,0,0
5849,218,160,57,0,0
5872,222,161,68,0,0
5896,218,162,65,0,0
5918,218,161,66,0,0
5942,216,161,59,0,0
5965,214,161,52,0,0
5989,211,160,36,0,0
6012,210,163,30,0,0
6035,206,163,24,0,0
6059,201,163,19,0,0
6082,179,162,20,0,0
6106,129,161,21,0,0
6129,125,159,22,0,0
6153,126,159,21,0,0
6175,128,159,21,0,0
6199,139,159,19,0,0
6222,156,159,16,0,0
6246,201,158,23,0,0
6269,206,159,30,0,94
6294,210,159,40,0,0
6317,213,159,44,0,0
6340,216,162,57,0,0
6364,219,161,67,0,0
6387,218,161,60,0,0
6411,215,161,61,0,0
6433,214,161,58,0,0
6457,213,161,53,0,0
6480,209,161,32,0,0
6504,207,160,32,0,0
6528,205,163,24,0,0
6550,198,163,19,0,0
6574,154,163,18,0,0
6597,148,163,22,0,0
6621,129,162,19,0,0
6644,152,163,23,0,0
6668,160,163,21,0,0
6690,162,159,21,0,0
6714,162,163,25,0,0
6737,197,163,24,0,0
6761,205,159,33,0,101
6787,208,158,48,0,16
6811,212,160,48,0,0
6834,217,161,58,0,0
6857,215,160,63,0,0
6881,211,161,57,0,0
6904,211,160,56,0,0
6928,209,160,51,0,0
6950,206,161,47,0,0
6974,205,161,34,0,0
6998,203,160,30,0,0
7021,201,159,25,0,0
7045,198,159,24,0,0
7068,198,159,22,0,0
7091,131,0,21,0,0
7112,129,0,20,0,0
7134,129,0,21,0,0
7154,131,0,21,0,0
7176,196,0,23,0,0
7197,201,147,23,0,0
7220,204,159,24,0,0
7243,206,161,35,0,0
7267,207,157,40,0,99
7291,211,162,52,0,0
7315,214,159,46,0,0
7339,217,161,55,0,0
7361,220,161,70,0,0
7385,218,161,61,0,0
7408,216,161,60,0,0
7432,213,161,55,0,0
7455,209,161,46,0,0
7478,206,160,42,0,0
7501,205,160,29,0,0
7525,205,163,28,0,0
7548,196,161,25,0,0
7572,201,159,23,0,0
7596,195,155,23,0,0
7618,129,0,21,0,0
7640,125,0,22,0,0
7661,127,159,21,0,0
7684,193,159,23,0,0
7707,198,159,24,0,0
7731,203,162,25,0,0
7754,204,159,29,0,0
7778,206,162,37,0,0
7801,209,156,48,0,0
7824,212,161,48,0,0
7847,214,159,55,0,0
7871,219,162,76,0,0
7895,224,162,54,0,0
7918,224,160,51,0,0
7941,222,161,51,0,0
7964,219,161,40,0,0
7988,214,160,34,0,0
8011,208,161,33,0,0
8035,204,163,28,0,0
8058,204,161,23,0,2
8081,203,157,17,0,2
8105,200,0,22,0,1
8126,178,0,22,0,2
8146,119,0,22,0,1
8168,150,0,24,0,2
8189,153,0,24,0,2
8210,199,0,24,0,2
8231,201,156,22,0,2
8255,203,162,17,0,2
8279,203,162,17,0,90
8303,204,162,29,0,84
8327,210,159,31,0,0
8350,213,159,40,0,0
8374,225,160,59,0,75
8398,223,161,64,0,83
8423,223,161,58,0,86
8448,219,161,47,0,93
8472,215,161,32,0,13
8496,209,162,22,0,40
8520,206,162,24,0,62
8545,203,162,19,0,107
8570,202,0,20,0,3
8592,201,0,16,0,3
8612,165,0,15,0,1
8634,67,0,15,0,3
8653,67,0,12,0,2
8674,125,0,15,0,1
8695,128,0,15,0,2
8716,157,0,21,0,1
8737,198,0,20,0,2
8759,200,51,15,0,2
8781,202,157,17,0,119
8806,206,159,28,0,94
8831,211,159,30,0,0
8854,215,161,50,0,96
8879,228,161,64,0,0
8902,227,161,63,0,0
8926,226,162,65,0,0
8948,226,161,61,0,94
8973,222,161,41,0,0
8996,217,160,32,0,43
9021,210,160,25,0,1
9045,206,160,22,0,5
9068,205,154,20,0,1
9091,202,0,22,0,2
9112,172,0,22,0,1
9134,97,0,10,0,2
9153,65,0,13,0,2
9174,67,0,12,0,2
9193,126,0,10,0,2
9215,148,0,16,0,3
9236,150,0,21,0,2
9257,159,0,20,0,2
9278,200,153,23,0,122
9304,205,159,18,0,108
9329,207,159,27,0,84
9354,213,159,45,0,0
9377,220,159,54,0,86
9402,225,161,57,0,96
9425,225,160,58,0,99
9450,223,160,54,0,102
9476,220,160,49,0,0
9499,219,160,35,0,44
9524,211,160,28,0,6
9547,210,158,30,0,97
9572,205,159,19,0,106
9596,203,0,18,0,2
9618,197,0,21,0,2
9639,130,0,21,0,2
9660,124,0,20,0,2
9681,130,0,21,0,2
9703,132,0,21,0,2
9723,161,0,20,0,112
9747,196,150,22,0,92
9772,203,157,16,0,118
9797,207,158,25,0,83
9822,213,157,30,0,103
9847,216,159,49,0,37
9872,219,161,55,0,100
9897,230,161,68,0,104
9922,228,161,64,0,103
9948,225,160,58,0,104
9973,221,160,49,0,100
9999,215,160,36,0,75
10023,206,160,27,0,90
10049,205,159,24,0,105
10076,201,159,20,0,2
10100,198,0,25,0,2
10122,124,0,21,0,2
10144,123,0,18,0,2
10167,128,0,24,0,2
10189,126,0,20,0,2
10211,127,0,22,0,2
10233,154,159,24,0,2
10258,199,159,25,0,0
10283,201,158,29,0,0
10307,204,159,34,0,101
10334,207,159,48,0,43
10359,210,160,58,0,0
10383,213,162,65,0,79
10409,212,162,64,0,0
10433,210,161,60,0,0
10458,209,161,50,0,0
10482,206,160,40,0,0
10507,203,159,20,0,0
10531,201,159,16,0,101
10558,197,161,25,0,0
10583,195,0,23,0,0
10604,123,0,21,0,0
10627,124,0,21,0,0
10649,126,0,23,0,0
10671,127,0,21,0,0
10693,129,0,21,0,1
10716,159,159,21,0,0
10740,202,159,24,0,0
10765,206,159,27,0,113
10791,209,160,36,0,99
10817,213,155,47,0,0
10842,216,159,59,0,0
10865,226,162,70,0,49
10891,219,161,69,0,0
10915,219,161,65,0,0
10940,218,161,64,0,0
10965,216,161,58,0,0
10989,210,160,42,0,0
11014,208,160,27,0,1
11038,206,161,26,0,103
11065,203,162,24,0,0
11088,202,154,25,0,0
11113,131,0,26,0,0
11136,131,0,21,0,0
11158,132,0,22,0,0
11180,134,158,22,0,0
11204,161,159,24,0,0
11229,199,159,24,0,0
11253,204,158,25,0,113
11280,208,159,34,0,100
11307,210,156,38,0,1
11331,212,155,47,0,0
11356,218,160,57,0,0
11380,219,161,68,0,0
11405,217,161,68,0,0
11428,217,161,66,0,0
11453,214,161,57,0,0
11478,209,160,43,0,0
11502,208,160,26,0,0
11527,207,155,24,0,0
11551,204,156,20,0,0
11576,206,158,23,0,0
11600,200,153,22,0,0
11624,175,159,23,0,0
11649,180,158,22,0,0
11673,194,158,22,0,94
11699,198,158,22,0,105
11725,203,158,23,0,78
11751,205,160,26,0,0
11776,208,159,34,0,103
11802,208,156,45,0,0
11827,210,159,50,0,0
11851,216,161,61,0,0
11876,219,161,60,0,0
11899,215,161,57,0,0
11924,214,161,55,0,0
11949,213,161,52,0,0
11973,210,161,32,0,0
11998,208,161,28,0,0
12022,206,160,19,0,0
12047,203,155,18,0,102
12074,198,155,24,0,95
12099,133,162,23,0,0
12123,139,159,25,0,0
12147,133,159,24,0,0
12172,134,160,24,0,0
12196,158,160,25,0,0
12221,162,162,25,0,0
12246,165,156,26,0,0
12270,200,157,29,0,0
12295,204,160,40,0,0
12318,207,162,51,0,0
12343,212,161,58,0,0
12367,214,161,57,0,0
12392,212,161,57,0,0
12417,213,161,55,0,0
12441,212,160,52,0,0
12466,208,161,47,0,0
12490,205,162,29,0,0
12515,206,161,24,0,0
12538,203,159,25,0,0
12563,202,156,26,0,0
12588,203,159,23,0,110
12614,174,157,26,0,93
12640,181,159,25,0,104
12666,194,159,25,0,0
12691,201,159,25,0,0
12716,202,161,31,0,111
12742,205,155,30,0,108
12769,206,157,41,0,103
12795,209,153,47,0,0
12820,211,159,57,0,0
12844,223,160,65,0,0
12868,223,161,67,0,0
12893,222,160,67,0,0
12917,222,160,65,0,0
12942,219,160,62,0,0
12966,216,160,50,0,0
12991,214,154,35,0,0
13016,209,151,32,0,0
13040,206,151,29,0,102
13066,207,148,28,0,0
13090,200,0,25,0,0
13113,173,0,24,0,0
13135,171,0,22,0,0
13157,192,0,25,0,0
13179,193,157,28,0,0
13204,194,145,32,0,0
13229,195,155,30,0,0
13253,200,162,37,0,1
13278,210,158,45,0,0
13302,208,156,52,0,0
13327,210,158,62,0,0
13350,217,161,72,0,0
13375,219,162,67,0,0
13400,218,161,65,0,0
13424,219,160,61,0,0
13449,214,160,60,0,0
13473,211,160,43,0,0
13498,209,160,30,0,0
13522,207,155,28,0,0
13546,201,151,29,0,2
13571,198,143,26,0,0
13595,199,0,26,0,0
13618,192,0,26,0,0
13640,191,0,23,0,0
13662,194,0,23,0,2
13684,198,0,23,0,1
13707,200,158,27,0,2
13731,201,162,28,0,0
13756,201,163,29,0,1
13780,204,159,42,0,1
13804,207,158,48,0,0
13829,211,160,53,0,0
13853,214,161,59,0,0
13878,216,160,63,0,0
13902,215,160,64,0,0
13927,215,160,58,0,0
13952,211,160,56,0,0
13975,207,159,32,0,0
14000,205,158,28,0,1
14024,204,159,28,0,0
14049,202,159,21,0,3
14073,199,56,25,0,0
14097,193,0,28,0,0
14118,158,0,21,0,0
14141,128,0,21,0,0
14164,130,0,21,0,0
14186,191,159,22,0,0
14210,198,159,24,0,1
14234,202,159,28,0,0
14259,203,153,27,0,0
14283,204,176,40,0,1
14308,204,159,44,0,1
14332,207,160,47,0,0
14357,214,160,61,0,0
14382,213,162,63,0,0
14405,214,161,62,0,0
14430,212,161,61,0,0
14454,209,161,48,0,0
14479,205,160,35,0,0
14503,204,160,30,0,0
14528,205,160,33,0,0
14553,203,157,27,0,0
14577,201,155,31,0,0
14601,177,0,26,0,101
14625,115,0,23,0,101
14650,111,0,24,0,96
14673,128,155,25,0,0
14698,153,159,23,0,0
14723,195,158,22,0,0
14747,203,158,25,0,0
14772,203,150,34,0,0
14795,205,152,37,0,99
14821,207,160,49,0,1
14845,212,160,55,0,0
14870,217,161,57,0,0
14895,218,161,63,0,0
14919,218,161,64,0,0
14944,215,160,57,0,0
14968,211,160,50,0,0
14992,209,161,40,0,0
15017,205,159,37,0,0
15041,203,159,33,0,1
15066,197,0,26,0,0
15088,163,0,31,0,100
15113,144,0,26,0,99
15135,139,0,26,0,93
15159,141,0,26,0,1
15181,190,0,25,0,1
15204,193,0,26,0,1
15225,196,86,30,0,0
15249,201,152,31,0,0
15274,203,152,38,0,1
15298,207,154,47,0,1
15323,210,159,55,0,0
15347,215,161,61,0,0
15372,220,161,74,0,0
15395,222,161,70,0,0
15420,220,161,66,0,0
15445,218,160,60,0,0
15469,213,160,49,0,0
15494,210,160,42,0,1
15518,210,154,35,0,0
15543,205,0,30,0,0
15564,203,157,31,0,0
15589,181,0,28,0,101
15613,107,38,28,0,0
15637,123,0,28,0,100
15662,119,0,25,0,0
15683,123,0,26,0,0
15706,152,159,24,0,0
15730,192,158,26,0,0
15755,200,157,26,0,0
15779,204,158,30,0,0
15804,203,161,41,0,0
15829,207,161,61,0,1
15853,212,161,57,0,0
15877,217,161,73,0,0
15901,215,162,69,0,0
15926,209,161,66,0,0
15950,206,160,66,0,0
15975,202,160,57,0,0
16000,199,160,41,0,0
16024,203,159,39,0,0
16049,201,159,34,0,0
16072,199,158,31,0,0
16097,190,0,32,0,0
16119,164,0,27,0,0
16142,160,0,32,0,0
16163,167,0,33,0,0
16186,174,0,27,0,0
16208,190,0,32,0,0
16231,193,0,34,0,0
16252,195,0,43,0,0
16275,198,0,54,0,0
16298,198,0,66,0,0
16319,203,152,64,0,0
16344,206,158,67,0,0
16368,208,159,77,0,0
16393,215,159,80,0,0
16417,209,160,73,0,0
16442,209,159,73,0,0
16466,207,159,70,0,0
16491,203,152,59,0,0
16516,201,146,48,0,0
16539,199,151,41,0,0
16564,202,0,27,0,0
16586,185,0,31,0,0
16609,170,0,31,0,99
16631,100,0,25,0,93
16655,107,0,24,0,99
16678,109,0,25,0,100
16703,107,0,24,0,102
16728,163,0,26,0,0
16749,190,0,27,0,110
16774,193,0,32,0,0
16796,200,152,46,0,0
16821,201,157,47,0,0
16845,202,153,54,0,75
16871,208,152,59,0,0
16896,220,159,74,0,102
16922,221,160,73,0,101
16949,221,159,70,0,0
16972,218,159,70,0,0
16997,207,159,65,0,0
17021,204,153,47,0,0
17046,203,153,44,0,0
17071,207,145,35,0,103
17097,204,146,33,0,98
17123,179,0,35,0,94
17146,141,0,30,0,97
17169,137,0,29,0,0
17191,172,0,29,0,0
17214,174,0,29,0,0
17236,191,0,32,0,0
17258,192,0,32,0,0
17281,195,150,41,0,0
17305,198,155,46,0,0
17330,201,162,50,0,0
17354,202,153,62,0,95
17380,212,159,66,0,0
17403,215,159,71,0,100
17430,215,160,72,0,85
17456,216,159,71,0,0
17480,209,159,64,0,0
17505,202,159,53,0,42
17530,200,153,45,0,0
17555,199,154,39,0,0
17580,195,156,32,0,0
17604,193,0,29,0,0
17626,171,0,32,0,0
17648,171,0,30,0,0
17671,156,0,30,0,0
17692,179,0,29,0,0
17715,181,0,29,0,0
17737,191,0,31,0,0
17760,194,0,33,0,0
17781,196,151,46,0,0
17806,198,162,48,0,0
17830,200,163,53,0,80
17856,210,159,61,0,76
17882,220,158,70,0,0
17906,215,160,69,0,0
17931,215,160,71,0,0
17955,214,160,63,0,42
17980,205,159,65,0,80
18006,200,159,44,0,0
18030,199,154,41,0,0
18055,198,158,40,0,0
18079,195,147,36,0,0
18104,192,151,37,0,0
18128,183,0,32,0,0
18150,172,0,29,0,96
18173,171,0,30,0,100
18198,171,0,31,0,0
18221,173,0,31,0,0
18242,184,0,31,0,0
18265,197,159,39,0,0
18289,198,157,44,0,0
18314,195,164,50,0,1
18338,199,163,52,0,0
18363,201,163,55,0,0
18388,211,160,66,0,0
18412,215,161,70,0,0
18436,214,161,68,0,0
18460,215,160,69,0,0
18485,213,160,67,0,0
18509,208,160,46,0,0
18534,205,160,42,0,94
18560,202,159,39,0,96
18585,198,162,36,0,0
18610,198,145,30,0,0
18633,189,0,33,0,103
18658,172,0,28,0,101
18682,169,0,28,0,103
18707,180,0,31,0,103
18732,193,0,33,0,111
18756,198,0,39,0,99
18779,198,0,47,0,2
18801,197,158,53,0,99
18827,200,160,57,0,0
18851,210,164,60,0,0
18876,213,160,70,1,0
18901,214,159,72,0,0
18925,214,159,73,0,0
18950,215,159,65,0,0
18973,213,158,64,0,0
18998,207,155,49,0,0
19022,204,158,36,0,0
19047,202,158,37,0,0
19072,195,155,31,0,100
19098,183,156,33,0,0
19123,173,157,29,0,83
19148,111,156,26,0,100
19175,121,159,28,0,92
19201,128,158,30,0,90
19226,138,157,26,0,0
19250,149,153,27,0,98
19275,199,158,36,0,85
19301,199,164,44,0,94
19327,202,157,45,0,1
19351,205,150,52,0,0
19376,210,159,65,0,0
19400,213,161,68,0,0
19425,213,160,65,0,0
19449,213,160,65,0,0
19473,211,160,63,0,0
19498,206,161,50,0,0
19522,203,161,35,0,0
19547,201,160,39,0,0
19571,200,160,29,0,0
19596,186,159,25,0,0
19620,175,158,31,0,0
19645,128,158,28,0,0
19669,133,158,24,0,0
19693,177,159,26,0,2
19718,189,159,31,0,2
19742,199,152,31,0,2
19767,203,152,38,0,1
19791,210,158,45,0,0
19816,209,164,49,1,4
19841,210,163,61,1,0
19864,213,161,73,6,0
19889,214,161,76,0,0
19913,215,161,76,0,0
19938,213,162,72,0,0
19962,213,161,62,0,0
19987,208,160,58,0,0
20012,202,159,44,0,1
20036,200,153,39,0,4
20060,189,157,35,0,0
20084,180,158,28,0,2
20109,177,0,32,0,1
20131,137,0,30,0,0
20154,136,0,27,0,98
20176,167,0,29,0,95
20200,171,0,28,0,3
20223,184,0,31,0,2
20245,184,0,33,0,2
20267,197,162,33,0,1
20291,201,163,43,0,0
20316,204,161,52,1,102
20342,220,158,57,1,0
20367,217,160,75,3,102
20394,214,160,70,0,103
20420,212,161,64,0,0
20445,211,159,65,0,0
20469,207,160,55,0,0
20494,202,159,44,0,1
20517,193,158,41,0,1
20542,190,0,35,0,0
20565,190,157,34,0,91
20590,177,0,32,0,103
20615,137,0,32,0,100
20639,103,0,32,0,99
20662,123,0,32,0,1
20684,163,0,27,0,2
20707,179,0,30,0,3
20729,180,0,30,0,0
20751,198,152,41,0,0
20775,201,164,46,0,0
20800,206,162,58,0,76
20826,218,159,66,0,77
20851,214,158,64,1,93
20877,215,161,76,0,103
20903,215,161,65,0,101
20930,213,160,69,0,0
20955,209,161,68,0,0
20979,206,159,53,0,97
21004,201,159,47,0,1
21028,200,153,41,0,115
21055,188,159,36,0,0
21080,171,156,34,0,0
21104,123,0,35,0,0
21127,108,0,33,0,0
21148,122,0,26,0,0
21171,125,0,29,0,0
21193,129,159,32,0,0
21218,181,158,29,0,0
21242,196,158,33,0,0
21267,198,162,44,0,0
21291,196,162,51,0,0
21315,200,159,65,0,99
21341,205,160,73,0,0
21365,214,161,93,0,0
21390,214,161,78,0,0
21414,207,161,75,0,0
21439,205,161,71,0,0
21464,201,161,66,0,0
21488,198,160,53,0,0
21512,200,159,43,0,0
21536,191,159,36,0,0
21561,175,159,40,0,0
21585,173,158,36,0,0
21610,119,158,33,0,0
21635,110,158,33,0,100
21661,122,158,31,0,98
21687,128,158,31,0,0
21711,130,154,31,0,0
21735,179,150,35,0,0
21760,196,158,42,0,0
21784,195,159,48,0,0
21809,200,159,64,0,1
21833,211,159,71,0,0
21858,216,161,86,0,0
21882,216,161,76,0,0
21907,215,161,72,0,0
21931,214,160,68,0,0
21955,202,160,64,0,0
21980,199,159,42,0,1
22004,195,159,42,0,0
22029,184,158,32,0,0
22053,176,159,32,0,0
22078,172,158,30,0,0
22103,109,0,33,0,0
22124,107,0,33,0,101
22149,106,0,28,0,99
22172,106,0,27,0,106
22197,109,158,28,0,2
22221,112,151,28,0,2
22246,128,153,29,0,0
22269,180,162,29,0,0
22294,195,161,38,0,88
22320,205,158,43,0,101
22346,203,158,64,0,40
22372,216,160,79,0,102
22399,215,159,69,0,104
22425,215,160,65,0,99
22451,214,161,64,0,0
22475,201,161,52,0,72
22501,199,160,37,0,1
22525,196,158,37,0,0
22550,181,155,28,0,0
22574,177,159,27,0,1
22598,172,0,27,0,3
22621,158,4,28,0,1
22643,146,3,29,0,1
22665,158,4,28,0,2
22687,159,5,29,0,2
22710,164,158,29,0,2
22734,167,157,22,0,2
22759,175,155,25,0,0
22784,182,162,36,0,102
22810,205,162,44,0,106
22836,207,160,59,0,83
22861,211,159,65,0,0
22886,216,160,75,0,103
22913,214,161,73,0,103
22939,215,160,71,0,100
22966,212,160,61,0,45
22991,202,161,44,0,1
23016,199,160,43,0,2
23041,187,157,37,0,0
23065,181,158,37,0,2
23090,181,158,28,0,1
23113,113,0,32,0,2
23136,120,0,31,0,2
23158,102,0,28,0,1
23181,114,0,30,0,2
23202,131,159,33,0,2
23227,135,158,23,0,0
23252,182,161,24,0,1
23276,191,164,36,0,0
23301,206,162,45,0,0
23325,210,165,58,0,1
23350,211,160,63,0,0
23374,217,162,72,0,74
23399,225,160,71,0,81
23425,224,160,71,0,0
23449,221,160,68,0,0
23474,218,161,56,0,67
23499,201,160,40,0,1
23524,191,159,35,0,0
23548,188,160,29,0,0
23573,181,158,34,0,2
23598,140,159,28,0,1
23621,111,0,29,0,2
23644,109,0,28,0,1
23666,124,0,30,0,2
23689,123,159,31,0,2
23712,127,158,31,0,1
23737,180,157,29,0,2
23761,191,153,35,0,0
23786,203,154,43,0,0
23811,207,161,53,0,1
23835,208,160,61,0,88
23861,215,161,78,0,104
23887,216,160,76,0,103
23914,215,160,71,0,103
23941,211,160,68,0,102
23967,208,161,61,0,96
23993,206,159,42,0,0
24017,198,162,37,0,1
24041,188,163,29,0,0
24066,182,161,28,0,0
24090,125,0,31,0,2
24113,121,0,32,0,1
24134,118,0,28,0,2
24157,123,0,29,0,2
24179,123,0,30,0,2
24202,123,158,29,0,110
24228,127,157,30,0,113
24255,190,163,29,0,3
24280,192,163,40,0,118
24306,206,164,44,0,118
24333,207,158,59,0,106
24359,222,162,83,2,124
24386,216,161,70,0,120
24412,213,161,62,0,126
24438,211,160,61,0,128
24465,208,158,47,0,116
24492,203,151,35,0,104
24518,180,159,33,0,5
24543,176,161,31,0,2
24567,171,0,28,0,2
24590,113,0,29,0,1
24612,98,0,18,0,104
24635,114,0,14,0,2
24657,114,0,11,0,2
24680,116,0,17,0,2
24703,120,0,24,0,113
24726,140,158,20,0,2
24751,179,158,23,0,2
24775,191,155,27,0,2
24800,204,156,37,0,0
24824,207,153,50,0,104
24851,215,161,63,0,115
24878,219,160,74,0,105
24904,219,160,63,0,104
24931,218,161,58,0,104
24957,214,159,53,0,102
24984,205,159,34,0,103
25011,202,158,32,0,0
25035,188,159,32,0,2
25060,176,159,28,0,2
25083,181,0,26,0,3
25106,119,0,30,0,108
25131,121,0,27,0,2
25153,124,0,26,0,1
25175,128,0,27,0,2
25197,136,0,31,0,2
25220,142,0,28,0,2
25242,176,158,24,0,2
25266,186,158,24,0,1
25290,192,158,36,0,0
25315,205,158,46,0,102
25341,210,150,59,0,102
25368,221,161,72,4,103
25395,215,162,63,0,104
25421,214,160,61,0,104
25448,211,160,58,0,104
25475,208,160,51,0,103
25501,206,159,36,0,0
25526,203,159,38,0,0
25550,190,159,25,0,0
25575,183,158,28,0,1
25600,129,152,27,0,2
25623,128,0,26,0,0
25646,125,0,20,0,0
25668,128,155,23,0,2
25693,129,157,24,0,2
25717,132,158,29,0,116
25744,134,157,22,0,0
25767,135,158,19,0,0
25792,191,157,26,0,0
25817,207,157,35,0,1
25841,211,157,58,0,101
25868,231,161,60,0,103
25894,220,162,51,0,103
25921,221,161,52,0,103
25948,219,161,49,0,103
25974,217,161,32,0,88
26000,210,158,31,0,0
26025,199,158,27,0,0
26049,186,155,22,0,0
26073,130,0,26,0,0
26095,129,0,27,0,2
26118,125,0,22,0,2
26140,111,0,14,0,1
26162,126,0,18,0,2
26184,127,0,25,0,2
26207,128,158,27,0,114
26233,132,158,24,0,1
26258,134,158,20,0,0
26283,183,152,29,0,0
26307,201,154,36,0,0
26331,210,157,45,0,101
26357,225,162,72,0,102
26384,226,160,65,0,103
26411,223,160,62,0,103
26437,223,160,56,0,103
26464,219,161,54,0,78
26489,208,160,35,0,0
26514,206,158,25,0,0
26539,190,155,30,0,0
26563,184,154,27,0,114
26590,151,161,23,0,2
26614,123,0,29,0,115
26638,123,0,28,0,116
26662,123,0,24,0,117
26687,127,0,31,0,117
26712,131,0,26,0,117
26736,180,158,24,0,114
26763,184,158,28,0,115
26789,202,158,36,0,119
26816,211,158,47,0,104
26843,217,152,54,0,93
26868,235,161,68,0,104
26895,233,161,62,0,103
26922,232,161,57,0,103
26948,229,162,56,0,100
26975,226,159,34,0,101
27001,221,152,27,0,0
27026,209,155,30,0,0
27050,187,163,26,0,2
27074,180,0,28,0,2
27097,111,0,30,0,2
27119,94,0,15,0,0
27140,98,0,15,0,0
27161,99,0,13,0,0
27183,108,0,14,0,2
27204,124,0,24,0,2
27227,127,0,23,0,2
27249,131,158,17,0,2
27274,182,158,31,0,0
27298,205,162,33,0,0
27323,213,163,47,0,0
27346,219,156,55,0,102
27373,227,159,68,0,87
27399,230,161,74,0,102
27425,229,160,67,0,98
27451,228,161,61,0,96
27477,223,161,47,0,25
27502,223,159,36,0,0
27527,221,152,28,0,0
27551,193,161,30,0,2
27576,181,163,29,0,0
27599,128,0,25,0,3
27622,103,0,27,0,0
27644,105,0,15,0,2
27667,106,0,15,0,113
27691,114,0,18,0,2
27713,112,0,18,0,2
27736,122,0,26,0,2
27758,128,0,22,0,2
27780,184,158,22,0,0
27804,197,161,32,0,0
27829,215,163,35,0,0
27853,221,163,51,0,0
27878,222,159,53,0,79
27904,227,162,77,0,103
27930,225,161,67,0,101
27957,225,161,65,0,102
27983,223,162,54,0,83
28009,227,161,44,0,0
28034,221,159,31,0,1
28057,218,152,32,0,0
28082,205,163,30,0,0
28106,193,0,25,0,0
28129,157,0,26,0,2
28151,157,0,30,0,2
28173,150,0,28,0,2
28195,159,0,28,0,1
28218,162,158,31,0,2
28242,163,158,21,0,2
28267,201,159,27,0,0
28291,203,152,34,0,0
28315,215,156,43,0,0
28340,221,153,51,0,1
28364,223,158,60,0,85
28390,229,162,78,1,103
28417,231,160,70,0,103
28443,232,160,64,0,103
28470,230,161,56,0,101
28496,224,161,54,0,86
28522,223,160,35,0,0
28547,221,158,34,0,0
28571,213,155,31,0,0
28595,190,163,26,0,0
28619,184,157,32,0,0
28644,181,0,27,0,0
28666,180,0,29,0,0
28689,182,0,28,0,0
28710,181,0,33,0,2
28733,186,159,27,0,0
28758,205,158,34,0,0
28782,214,163,36,0,0
28807,220,163,45,0,0
28831,223,160,51,0,0
28856,226,159,64,0,92
28880,230,162,74,0,103
28907,227,160,72,0,103
28934,223,160,67,0,100
28960,222,160,66,0,96
28986,220,159,57,0,66
29012,214,159,57,0,0
29036,212,158,51,0,0
29061,204,156,43,0,0
29085,207,0,35,0,0
29108,201,157,38,0,0
29131,191,0,31,0,0
29154,190,0,33,0,0
29176,190,0,33,0,0
29199,195,0,35,0,0
29220,195,0,37,0,0
29243,203,0,46,0,0
29265,205,0,52,0,0
29287,207,0,61,0,0
29309,210,0,58,0,0
29332,214,156,72,1,0
29357,218,162,71,1,72
29382,221,157,75,1,93
29408,224,159,86,0,102
29434,225,159,78,0,93
29460,223,158,75,0,76
29485,221,157,73,0,0
29509,217,158,69,0,0
29534,211,147,68,0,0
29558,205,0,55,0,0
29581,194,143,49,0,0
29605,190,0,43,0,0
29627,183,0,44,0,0
29649,182,0,36,0,0
29672,184,0,33,0,0
29693,185,0,38,0,0
29716,186,0,39,1,0
29739,190,0,46,1,0
29761,197,0,50,1,0
29783,198,0,52,0,0
29805,199,0,56,3,0
29828,203,0,57,3,103
29852,207,163,66,3,101
29879,217,162,76,2,101
29905,216,162,74,1,0
29930,220,158,75,1,103
29957,222,158,62,2,102
29983,214,157,60,0,96
30008,207,163,56,0,0
30032,204,162,49,0,0
30057,199,0,45,0,0
30080,192,155,39,0,0
30104,187,0,35,0,0
30126,183,0,33,0,0
30148,174,0,31,0,1
30171,172,0,30,0,104
30195,172,0,30,0,106
30220,185,0,33,0,105
30243,189,0,34,0,118
30268,190,0,40,0,119
30293,198,0,50,0,123
30317,199,0,51,0,97
30341,200,163,51,0,102
30367,202,161,63,0,102
30394,211,157,67,0,102
30421,223,160,75,0,103
30447,220,159,71,0,103
30474,220,158,67,0,102
30500,216,158,62,0,102
30527,212,162,52,0,1
30552,208,162,44,0,0
30575,195,0,29,0,0
30598,194,0,31,0,0
30620,192,120,31,0,0
30645,187,0,33,0,1
30666,185,0,32,0,0
30689,172,0,30,0,2
30711,188,0,29,0,2
30734,190,0,32,0,2
30755,191,0,35,0,0
30778,193,0,40,0,0
30800,197,0,38,0,0
30822,204,163,43,0,0
30847,207,162,47,0,0
30871,212,159,55,0,103
30898,216,159,60,0,102
30924,220,159,69,0,100
30951,221,159,63,0,102
30978,219,159,57,0,102
31004,217,159,44,0,88
31030,215,158,34,0,102
31056,212,163,33,0,1
31081,207,158,26,0,0
31106,189,0,24,0,2
31127,189,0,27,0,2
31150,167,0,25,0,110
31174,113,0,24,0,116
31199,113,0,24,0,114
31223,145,0,25,0,118
31248,148,0,25,0,113
31271,148,157,23,0,113
31298,189,162,18,0,0
31323,203,163,19,0,0
31347,207,157,31,0,101
31374,210,159,30,0,102
31401,213,161,42,0,103
31427,201,176,53,0,103
31454,202,175,47,0,103
31480,201,162,41,0,103
31507,195,160,27,0,97
31533,192,159,24,0,0
31557,189,160,31,0,0
31582,149,151,22,0,0
31606,120,149,19,0,0
31630,114,161,19,0,0
31654,115,162,25,0,0
31679,111,161,15,0,0
31704,113,157,13,0,0
31728,116,155,14,0,0
31753,116,150,22,0,0
31777,122,160,22,0,0
31802,124,161,20,0,0
31826,120,162,22,0,0
31850,119,161,25,0,0
31875,149,166,24,0,0
31899,152,176,22,0,0
31924,154,217,38,0,0
31948,172,204,38,0,2
31973,172,186,29,0,2
31997,167,175,22,0,0
32022,166,176,21,0,3
32046,141,162,11,0,1
32070,139,162,17,0,0
32095,137,161,11,0,0
32119,127,160,10,0,0
32144,126,160,10,0,0
32169,124,159,11,0,0
32193,129,159,14,0,0
32218,134,159,14,0,0
32241,142,162,14,0,0
32266,140,165,14,0,0
32290,140,170,14,0,0
32315,148,166,13,0,0
32340,151,164,20,0,0
32364,150,176,22,0,0
32389,176,196,23,0,0
32413,177,170,21,0,7
32437,179,223,31,0,0
32461,178,222,24,0,0
32486,177,216,23,0,6
32511,176,215,23,0,5
32535,156,203,10,0,5
32560,148,197,12,0,0
32584,148,203,17,0,0
32609,148,166,11,0,0
32632,147,162,12,0,0
32657,145,161,14,0,0
32682,146,161,13,0,0
32706,148,162,11,0,0
32731,150,163,13,0,97
32756,150,166,14,0,88
32782,150,169,14,0,101
32809,152,174,21,0,88
32834,152,172,21,0,0
32859,176,196,22,0,1
32882,179,200,18,0,104
32909,181,231,36,0,106
32935,184,219,40,0,105
32962,183,221,28,0,105
32989,185,220,26,0,105
33015,180,203,15,0,104
33042,167,194,14,0,4
33067,170,170,18,0,0
33091,151,162,20,0,0
33116,151,161,14,0,0
33140,151,159,15,0,99
33166,151,159,13,0,102
33193,151,159,12,0,102
33219,151,159,12,0,103
33246,161,160,15,0,103
33272,167,159,20,0,101
33299,170,160,22,0,100
33326,172,175,22,0,99
33351,176,172,24,0,103
33378,182,192,32,0,104
33404,185,190,36,0,105
33431,188,215,44,0,106
33458,186,212,39,0,105
33484,185,207,32,0,105
33510,183,195,13,0,104
33537,181,167,27,0,0
33561,178,161,22,0,0
33586,172,161,19,0,0
33610,154,160,15,0,0
33635,154,160,17,0,103
33661,153,159,16,0,102
33688,152,159,16,0,87
33714,153,159,16,0,101
33740,173,159,18,0,99
33766,173,160,15,0,103
33793,177,159,11,0,101
33819,177,175,25,0,103
33846,175,182,22,0,102
33872,181,174,25,0,0
33897,189,209,29,0,103
33924,188,211,39,0,102
33950,188,220,44,0,103
33977,187,221,31,0,100
34002,187,218,31,0,103
34029,182,209,30,0,104
34056,180,193,27,0,0
34080,181,160,28,0,0
34105,177,162,22,0,0
34129,165,160,24,0,0
34154,157,161,19,0,0
34179,152,160,17,0,0
34203,153,160,17,0,92
34229,153,160,16,0,101
34255,173,161,16,0,103
34282,174,161,23,0,103
34309,175,169,31,0,0
34332,177,179,25,0,0
34357,179,206,22,0,0
34381,180,214,24,0,0
34406,184,221,32,0,85
34432,190,221,43,0,105
34458,189,191,41,0,105
34485,188,193,34,0,105
34511,183,188,32,0,104
34538,179,178,22,0,0
34563,164,178,20,0,0
34587,155,177,20,0,0
34612,151,162,19,0,0
34635,151,163,18,0,0
34660,151,160,16,0,102
34687,169,158,17,0,92
34712,171,160,17,0,96
34738,172,160,16,0,103
34764,173,160,17,0,102
34791,175,180,12,0,103
34818,175,177,24,0,102
34844,175,179,24,0,102
34871,186,180,32,0,0
34895,187,214,44,0,103
34922,190,227,41,0,95
34948,186,198,35,0,75
34973,183,192,35,0,104
35000,180,190,30,0,103
35026,178,177,31,0,0
35051,179,163,29,0,0
35075,176,160,22,0,0
35099,163,159,28,0,0
35124,151,159,16,0,0
35148,148,165,16,0,101
35175,147,164,20,0,103
35202,160,166,19,0,102
35228,175,167,16,0,103
35255,176,169,17,0,103
35281,174,171,26,0,103
35308,176,185,23,0,95
35334,178,186,22,0,0
35358,180,182,23,0,0
35383,188,169,44,0,104
35409,186,222,37,0,104
35436,185,219,35,0,105
35463,184,194,35,0,104
35489,184,189,35,0,103
35515,183,177,23,0,0
35540,178,169,25,0,0
35564,177,170,25,0,0
35589,151,158,27,0,0
35613,154,159,17,0,0
35638,146,159,16,0,102
35664,147,158,20,0,103
35691,169,159,20,0,102
35718,173,162,20,0,103
35744,174,158,19,0,103
35771,173,161,17,0,103
35798,161,175,18,0,95
35823,161,174,18,0,0
35848,167,173,24,0,0
35871,178,174,24,0,0
35896,149,189,32,0,3
35920,153,229,41,0,107
35947,154,197,37,0,105
35974,153,189,17,0,107
36000,124,187,17,0,101
36027,114,184,12,0,0
36052,113,185,17,0,0
36076,113,170,19,0,0
36101,112,170,14,0,0
36125,114,160,15,0,0
36149,113,160,15,0,0
36173,117,159,14,0,102
36200,116,160,14,0,101
36227,120,160,15,0,103
36253,124,174,14,0,103
36280,127,174,15,0,102
36306,130,174,12,0,103
36333,126,169,27,0,0
36358,125,171,21,0,0
36382,150,170,28,0,103
36409,158,241,48,0,104
36436,156,214,46,0,103
36462,154,210,34,0,102
36489,150,181,28,0,103
36515,143,174,11,0,104
36542,144,176,12,0,0
36567,117,191,14,0,0
36591,109,168,7,0,0
36614,108,161,14,0,0
36638,121,160,14,0,0
36663,118,160,14,0,0
36687,115,160,14,0,0
36712,114,161,14,0,99
36738,120,163,14,0,102
36764,121,174,14,0,102
36791,122,175,12,0,0
36815,122,175,21,0,0
36840,145,169,27,0,0
36864,149,174,25,0,0
36888,149,187,32,0,104
36915,152,209,38,0,106
36941,151,188,29,0,104
36968,148,182,18,0,104
36995,149,180,19,0,0
37019,119,182,11,0,0
37044,109,170,14,0,0
37068,108,163,10,0,0
37093,121,161,14,0,0
37117,137,162,14,0,0
37141,121,160,13,0,0
37166,120,158,14,0,102
37192,117,159,14,0,102
37219,109,161,12,0,103
37245,118,173,13,0,102
37272,118,171,14,0,102
37299,127,171,10,0,103
37325,143,172,27,0,0
37350,145,221,28,0,0
37375,148,177,32,0,104
37401,196,217,46,0,104
37428,162,191,37,0,104
37454,160,177,36,0,104
37481,146,179,19,0,98
37507,143,182,11,0,102
37533,151,182,14,0,0
37558,142,164,11,0,0
37582,137,161,11,0,0
37606,121,160,10,0,0
37631,143,160,11,0,0
37655,142,159,12,0,100
37682,141,159,13,0,102
37708,141,175,12,0,103
37735,141,170,12,0,104
37762,142,170,10,0,103
37788,143,166,29,0,0
37813,155,173,28,0,0
37837,160,176,31,0,103
37864,161,194,47,0,97
37890,163,195,47,0,102
37916,161,178,41,0,102
37943,159,175,30,0,102
37969,146,175,23,0,104
37996,144,176,17,0,0
38021,143,196,14,0,0
38044,141,171,15,0,0
38069,140,159,13,0,0
38093,143,159,12,0,0
38118,138,160,12,0,101
38145,133,160,12,0,102
38171,137,161,13,0,103
38198,141,158,13,0,103
38224,141,162,14,0,98
38250,141,175,10,0,103
38277,143,173,27,0,0
38301,155,166,27,0,0
38326,158,172,32,0,98
38351,162,172,36,0,104
38378,196,197,46,0,105
38405,163,191,35,0,104
38430,162,177,29,0,103
38457,156,176,19,0,104
38484,142,174,12,0,0
38508,141,171,15,0,0
38533,108,166,12,0,0
38557,138,164,10,0,0
38582,135,163,12,0,0
38606,138,161,12,0,0
38631,123,160,13,0,101
38658,127,162,13,0,101
38684,139,163,8,0,102
38710,126,173,10,0,103
38736,141,170,10,0,104
38763,149,172,10,0,74
38788,151,173,19,0,0
38812,155,174,26,0,0
38837,158,175,28,0,0
38861,161,174,35,0,104
38888,165,204,52,0,104
38915,163,202,39,0,103
38941,161,187,29,0,104
38968,158,183,18,0,100
38994,156,170,11,0,97
39020,153,171,15,0,0
39045,150,167,14,0,0
39069,144,166,11,0,0
39094,139,161,11,0,0
39117,149,161,11,0,0
39142,143,161,12,0,101
39169,147,161,12,0,102
39195,140,161,12,0,102
39222,151,166,12,0,103
39248,150,176,13,0,95
39274,149,172,16,0,0
39299,152,165,17,0,0
39323,157,170,27,0,0
39348,160,175,32,0,99
39373,163,193,40,0,97
39399,165,201,49,0,104
39426,163,187,38,0,101
39452,160,187,31,0,100
39479,157,186,16,0,102
39504,154,173,17,0,0
39529,155,162,16,0,0
39554,153,172,10,0,0
39578,150,170,12,0,0
39603,137,164,12,0,0
39627,144,161,11,0,0
39652,133,163,11,0,102
39679,137,163,12,0,103
39705,138,167,12,0,102
39732,138,178,12,0,103
39758,153,181,11,0,103
39785,155,173,20,0,0
39810,157,170,29,0,0
39833,162,169,38,0,103
39860,166,203,47,0,102
39886,165,199,51,0,94
39912,165,192,41,0,94
39938,165,185,31,0,94
39963,158,174,26,0,98
39989,156,175,18,0,0
40013,157,160,15,0,0
40038,153,171,12,0,0
40063,153,163,12,0,0
40087,153,161,13,0,0
40111,152,167,12,0,0
40135,152,170,12,0,102
40162,153,172,13,0,95
40187,154,173,16,0,98
40213,154,173,12,0,97
40239,156,172,22,0,0
40263,159,206,28,0,0
40288,160,201,34,0,0
40312,165,196,41,0,103
40339,169,191,45,0,95
40365,168,205,51,0,94
40390,167,192,41,0,93
40415,166,180,39,0,93
40440,161,183,27,0,100
40467,158,163,26,0,0
40492,156,170,20,0,0
40516,154,162,16,0,0
40541,150,169,15,0,0
40565,118,174,12,0,102
40592,142,172,13,0,104
40619,140,169,12,0,100
40645,137,172,13,0,88
40671,138,171,12,0,96
40696,139,171,12,0,93
40722,152,171,15,0,96
40747,152,182,15,0,104
40773,156,205,23,0,0
40798,158,196,21,0,0
40822,162,205,32,0,97
40848,169,197,50,0,105
40875,170,220,47,0,104
40901,170,204,41,0,103
40928,168,184,34,0,104
40954,163,177,25,0,102
40981,157,168,24,0,66
41007,157,166,18,0,0
41031,129,166,20,0,0
41056,150,171,14,0,0
41080,150,156,11,0,0
41104,150,163,10,0,0
41129,150,161,14,0,0
41153,150,159,14,0,0
41178,150,161,14,0,102
41204,151,173,13,0,100
41231,151,163,14,0,103
41258,150,163,8,0,0
41281,150,167,19,0,0
41306,157,167,24,0,0
41330,160,162,26,0,0
41354,163,173,34,0,105
41380,164,188,46,0,98
41406,163,174,28,0,100
41433,164,174,24,0,99
41458,158,168,18,0,104
41485,134,171,15,0,0
41509,126,162,16,0,0
41534,124,167,14,0,0
41559,153,162,12,0,0
41583,151,160,12,0,0
41608,151,159,8,0,100
41632,150,165,9,0,93
41657,151,166,9,0,100
41682,151,168,12,0,84
41708,153,168,12,0,92
41734,152,172,12,0,88
41759,152,168,11,0,103
41786,155,164,19,0,0
41810,157,167,24,0,0
41835,161,164,30,0,104
41862,165,179,40,0,98
41887,185,194,51,0,94
41913,165,186,39,0,103
41940,164,177,31,0,98
41964,160,179,20,0,103
41991,146,170,12,0,0
42015,137,161,16,0,75
42041,125,164,15,0,0
42065,152,162,11,0,0
42090,151,163,13,0,47
42116,150,161,12,0,0
42140,150,161,12,0,72
42166,150,161,11,0,52
42191,151,162,12,0,87
42217,151,174,11,0,89
42242,151,162,11,0,0
42266,151,155,9,0,0
42290,154,161,20,0,0
42314,155,160,26,0,0
42339,163,186,34,0,0
42363,165,205,37,0,103
42390,184,204,58,0,100
42417,166,202,46,0,99
42442,164,199,40,0,99
42468,157,189,27,0,103
42495,142,186,21,0,0
42518,130,183,19,0,0
42543,125,174,20,0,0
42567,132,153,13,0,0
42592,133,164,12,0,0
42616,133,162,10,0,0
42641,125,163,12,0,0
42666,127,166,11,0,0
42690,137,168,11,0,97
42715,137,167,12,0,91
42740,151,196,12,0,97
42766,152,195,10,0,98
42791,145,194,20,0,0
42816,152,193,26,0,0
42841,160,200,30,0,0
42865,185,200,42,0,103
42892,188,205,57,0,105
42918,166,207,42,0,103
42945,165,209,35,0,92
42971,162,188,27,0,103
42997,136,190,17,0,0
43022,131,167,14,0,0
43045,125,170,16,0,0
43070,130,175,11,0,0
43095,128,162,12,0,0
43119,141,162,11,0,0
43144,140,161,11,0,99
43169,139,163,12,0,0
43194,145,181,11,0,99
43220,135,182,12,0,102
43246,135,178,12,0,100
43273,133,174,10,0,0
43297,139,175,28,0,0
43321,146,182,24,0,0
43345,161,185,29,0,103
43372,185,210,40,0,104
43399,188,220,50,0,103
43425,185,215,28,0,103
43452,164,192,27,0,103
43479,148,189,19,0,103
43505,128,187,18,0,0
43530,127,164,17,0,0
43554,124,161,15,0,0
43579,128,171,12,0,0
43604,130,162,14,0,78
43629,129,162,12,0,0
43653,124,164,12,0,0
43677,131,170,12,0,100
43704,132,176,12,0,90
43729,133,167,12,0,86
43755,132,178,14,0,102
43782,133,185,19,0,90
43807,140,199,24,0,0
43832,154,182,18,0,0
43856,181,191,37,0,104
43883,192,195,42,0,104
43910,187,199,37,0,103
43936,164,191,41,0,103
43963,153,180,26,0,103
43990,127,181,19,0,0
44014,125,161,14,0,0
44038,123,162,19,0,0
44062,122,176,10,0,0
44087,124,164,12,0,0
44111,125,168,12,0,0
44136,125,169,12,0,0
44161,130,171,13,0,0
44185,125,172,13,0,100
44212,125,193,12,0,100
44238,128,170,14,0,98
44264,125,171,12,0,0
44289,123,169,20,0,0
44312,130,174,17,0,0
44337,139,164,31,0,0
44361,153,167,38,0,104
44388,182,182,41,0,104
44415,159,169,35,0,104
44441,151,170,28,0,102
44468,130,168,22,0,103
44494,128,162,19,0,0
44519,122,155,24,0,0
44544,119,162,16,0,0
44568,118,177,10,0,0
44593,121,177,12,0,0
44616,120,164,11,0,101
44643,126,170,12,0,101
44669,126,176,12,0,95
44695,128,178,12,0,101
44722,130,172,11,0,102
44748,126,155,12,0,99
44774,126,153,8,0,102
44800,124,153,19,0,0
44824,131,166,27,0,87
44850,147,153,35,0,0
44874,186,172,41,0,103
44901,195,178,57,0,103
44928,193,173,49,0,104
44954,162,171,42,0,104
44981,142,170,32,0,96
45006,126,162,21,0,102
45033,124,162,17,0,0
45058,123,163,18,0,0
45081,119,162,11,0,0
45106,119,174,16,0,0
45130,118,163,17,0,0
45155,117,164,15,0,0
45179,117,165,16,0,99
45205,120,161,16,0,102
45232,118,154,13,0,100
45258,119,155,12,0,0
45283,121,158,19,0,0
45307,124,154,29,0,0
45331,132,157,35,0,0
45356,197,169,48,0,103
45382,198,181,58,0,104
45409,195,172,50,0,103
45435,193,171,47,0,100
45462,167,169,39,0,103
45489,123,163,26,0,0
45513,119,162,22,0,0
45538,120,151,16,0,0
45562,116,180,13,0,0
45587,115,207,17,0,0
45612,118,182,17,0,0
45635,117,220,16,0,99
45661,118,224,15,0,0
45685,119,224,16,0,98
45711,118,216,15,0,101
45738,120,226,16,0,0
45762,120,185,11,0,0
45787,122,177,30,0,0
45811,127,173,30,0,0
45836,175,169,33,0,101
45862,196,172,46,0,104
45889,198,181,55,0,104
45916,196,177,51,0,103
45942,195,162,45,0,99
45968,174,177,32,0,103
45994,120,164,24,0,0
46018,117,169,16,0,0
46043,118,229,19,0,0
46067,117,232,15,0,0
46092,116,233,15,0,0
46116,118,234,13,0,0
46141,119,234,12,0,94
46167,119,271,12,0,98
46192,120,267,16,0,99
46217,119,248,17,0,98
46242,121,160,18,0,99
46268,122,169,28,0,0
46293,171,185,29,0,0
46317,194,186,31,0,103
46344,198,252,44,0,101
46370,202,185,57,0,103
46397,201,198,45,0,91
46423,198,189,41,0,103
46449,194,177,37,0,99
46475,122,223,36,0,103
46501,116,232,21,0,0
46526,114,166,20,0,0
46551,121,152,15,0,0
46574,118,154,13,0,0
46599,121,150,12,0,0
46623,117,163,15,0,97
46649,119,164,14,0,97
46674,121,177,14,0,98
46700,122,178,12,0,102
46727,121,180,12,0,103
46753,121,179,20,0,99
46779,125,209,30,0,0
46804,197,224,29,0,0
46828,207,259,48,0,104
46855,211,251,51,0,104
46881,210,229,45,0,104
46908,205,231,39,0,101
46935,202,257,38,0,104
46961,150,192,25,0,104
46987,120,249,26,0,0
47011,127,180,20,0,0
47036,121,151,19,0,0
47061,123,152,17,0,0
47085,117,158,12,0,0
47110,117,171,13,0,99
47135,117,175,14,0,91
47161,120,181,14,0,87
47186,122,180,13,0,97
47212,118,173,13,0,89
47237,116,205,17,0,99
47262,122,217,21,0,102
47289,124,196,22,0,0
47313,193,205,27,0,0
47338,213,243,30,0,105
47365,223,272,55,0,105
47391,219,251,47,0,106
47418,211,261,26,0,106
47445,206,260,23,0,102
47471,129,231,20,0,100
47498,123,239,15,0,0
47522,115,175,21,0,0
47547,111,154,15,0,0
47572,111,151,15,0,0
47596,105,150,14,0,0
47620,110,154,16,0,102
47646,114,159,16,0,99
47672,116,165,16,0,102
47698,119,159,15,0,99
47724,115,156,14,0,99
47750,120,172,16,0,0
47774,125,184,20,0,0
47799,127,209,14,0,0
47823,188,200,24,0,0
47848,206,223,36,0,105
47875,211,235,48,0,105
47901,210,238,26,0,105
47928,172,240,21,0,104
47954,129,221,21,0,105
47981,123,224,13,0,2
48005,121,213,17,0,0
48029,119,157,15,0,0
48054,120,153,12,0,0
48078,119,153,11,0,0
48103,106,164,11,0,0
48128,105,168,13,0,96
48153,110,158,13,0,102
48180,119,158,12,0,102
48206,122,150,12,0,102
48233,124,154,13,0,98
48259,123,160,14,0,0
48282,127,200,18,0,0
48307,168,170,16,0,0
48331,208,179,28,0,106
48358,207,232,52,0,105
48385,204,219,27,0,104
48411,175,210,30,0,103
48438,163,219,22,0,102
48464,128,219,15,0,0
48489,121,202,14,0,0
48514,123,183,16,0,0
48538,122,151,12,0,0
48563,119,162,15,0,0
48586,119,158,14,0,0
48611,117,159,14,0,0
48635,118,159,12,0,0
48660,119,159,12,0,98
48686,119,160,13,0,103
48712,121,158,12,0,103
48739,123,150,14,0,0
48763,123,157,13,0,0
48788,126,150,16,0,0
48813,128,172,12,0,0
48837,176,178,19,0,0
48861,187,157,31,0,105
48887,167,211,27,0,105
48914,168,204,22,0,104
48941,168,219,25,0,104
48967,120,175,15,0,0
48992,115,155,13,0,0
49016,115,159,14,0,0
49041,118,163,14,0,0
49066,120,159,14,0,0
49090,119,158,10,0,0
49115,112,147,10,0,0
49138,112,148,10,0,0
49163,112,152,7,0,0
49186,118,179,10,0,0
49211,122,158,13,0,0
49236,122,159,12,0,0
49260,124,186,12,0,0
49285,127,169,14,0,0
49308,128,174,9,0,0
49332,167,179,15,0,0
49356,158,171,21,0,3
49381,154,153,23,0,3
49405,153,158,20,0,3
49430,147,166,20,0,3
49455,144,165,18,0,3
49479,116,151,16,0,0
49503,115,173,10,0,0
49527,115,178,11,0,0
49552,115,179,10,0,0
49577,121,176,9,0,0
49600,116,158,9,0,0
49624,115,157,7,0,0
49646,112,163,7,0,0
49670,113,157,6,0,0
49693,116,176,6,0,0
49717,120,161,9,0,0
49739,119,159,9,0,0
49763,122,178,12,0,0
49787,118,157,11,0,0
49812,119,176,10,0,0
49837,164,164,14,0,0
49861,154,171,21,0,105
49888,183,157,33,0,106
49914,173,155,25,0,106
49941,172,169,23,0,106
49968,158,176,20,0,104
49994,110,179,16,0,0
50019,108,182,13,0,0
50042,107,174,11,0,0
50067,123,160,10,0,0
50092,116,162,11,0,0
50116,113,153,10,0,0
50141,111,156,10,0,0
50165,112,149,11,0,0
50190,113,159,11,0,0
50214,116,159,11,0,98
50239,120,168,12,0,0
50264,121,170,14,0,0
50288,124,194,13,0,0
50313,121,168,12,0,0
50337,167,184,14,0,0
50362,169,186,26,0,1
50386,183,193,40,0,105
50413,155,189,27,0,105
50440,153,185,25,0,105
50466,170,175,20,0,91
50492,114,166,13,0,0
50517,107,187,17,0,0
50540,106,174,11,0,0
50565,115,181,11,0,0
50589,115,161,7,0,0
50613,112,161,7,0,0
50636,107,157,7,0,0
50659,108,156,7,0,0
50682,110,157,9,0,0
50706,111,159,9,0,0
50730,112,157,10,0,0
50754,116,170,12,0,0
50779,121,158,12,0,0
50802,124,166,16,0,0
50827,130,170,16,0,4
50851,152,164,21,0,0
50876,180,160,42,0,0
50901,166,153,37,0,0
50925,157,152,31,0,0
50950,167,154,24,0,0
50974,128,171,17,0,0
50998,108,191,20,0,1
51022,104,154,16,0,0
51047,103,179,13,0,0
51072,102,172,13,0,0
51096,101,181,11,0,0
51121,100,160,9,0,0
51144,100,160,10,0,0
51169,100,162,11,0,0
51192,103,182,13,0,0
51217,104,171,12,0,0
51242,104,175,13,0,0
51266,106,161,12,0,0
51291,107,150,17,0,0
51315,128,161,20,0,0
51340,149,154,31,0,0
51364,154,156,43,0,0
51388,160,157,27,0,1
51413,161,153,30,0,1
51437,142,152,23,0,0
51462,119,150,23,0,0
51486,103,153,21,0,0
51511,101,154,15,0,0
51535,101,161,12,0,0
51560,103,160,10,0,0
51584,101,157,10,0,0
51608,102,159,12,0,0
51633,100,158,12,0,0
51657,101,159,12,0,0
51682,104,166,13,0,0
51706,103,158,12,0,0
51731,105,162,11,0,0
51756,107,181,15,0,0
51779,113,184,26,0,0
51804,143,184,31,0,0
51828,151,176,32,0,102
51855,157,171,51,0,105
51882,161,159,39,0,105
51908,165,153,26,0,104
51935,146,176,28,0,96
51960,125,176,21,0,0
51985,107,161,15,0,0
52010,101,157,20,0,0
52034,99,157,13,0,0
52057,100,159,13,0,0
52081,101,162,14,0,0
52106,101,159,12,0,0
52130,100,160,12,0,0
52155,103,160,12,0,0
52180,104,161,13,0,0
52204,104,163,13,0,0
52229,105,182,13,0,0
52252,106,180,17,0,0
52277,119,175,27,0,0
52301,142,178,27,0,0
52326,149,173,34,0,99
52352,152,167,54,0,104
52378,151,158,49,0,104
52405,149,151,28,0,104
52431,145,175,24,0,103
52458,122,176,21,0,0
52483,106,181,15,0,0
52507,103,168,18,0,0
52532,99,170,13,0,0
52554,96,159,12,0,0
52578,97,162,14,0,0
52601,93,159,15,0,0
52625,92,159,14,0,0
52647,98,160,13,0,0
52671,100,176,12,0,0
52696,101,161,12,0,0
52720,103,159,12,0,0
52745,104,180,13,0,0
52769,124,188,19,0,0
52794,132,184,23,0,0
52818,145,177,22,0,9
52842,149,171,42,0,101
52869,176,177,52,0,99
52894,161,173,40,0,101
52921,148,167,24,0,99
52946,144,162,21,0,102
52973,120,171,22,0,0
52998,107,183,15,0,0
53022,93,177,20,0,0
53046,96,162,14,0,0
53068,98,158,14,0,0
53092,92,158,13,0,0
53115,90,158,13,0,0
53139,91,159,8,0,0
53162,91,158,7,0,0
53183,100,159,12,0,98
53209,103,161,12,0,100
53235,105,160,12,0,95
53261,103,180,12,0,0
53285,125,188,16,0,0
53310,136,176,19,0,0
53335,145,206,21,0,0
53359,148,187,32,0,105
53386,151,186,33,0,101
53412,148,181,22,0,98
53437,147,193,21,0,97
53463,137,188,21,0,104
53489,108,187,19,0,0
53514,104,175,21,0,0
53538,96,155,13,0,0
53562,101,159,14,0,0
53586,100,158,12,0,0
53611,94,159,9,0,0
53633,90,158,8,0,0
53655,92,158,8,0,0
53678,98,159,10,0,99
53702,102,161,12,0,100
53729,103,158,13,0,98
53754,112,171,10,0,92
53780,121,194,13,0,0
53804,127,193,11,0,0
53828,145,188,15,0,14
53854,148,196,31,0,105
53880,150,171,36,0,99
53906,148,169,24,0,102
53933,148,170,23,0,101
53959,145,185,25,0,98
53985,112,165,14,0,0
54009,109,183,13,0,0
54034,105,153,17,0,0
54059,105,159,12,0,0
54082,103,159,11,0,0
54107,94,159,7,0,0
54129,94,158,6,0,0
54152,91,158,7,0,0
54173,95,158,7,0,0
54196,102,159,7,0,99
54220,103,160,10,0,100
54247,104,171,8,0,0
54271,105,192,8,0,0
54294,121,189,11,0,0
54319,138,171,13,0,0
54342,149,177,21,0,16
54368,149,171,32,0,105
54394,172,174,32,0,102
54421,171,172,29,0,102
54448,170,169,24,0,101
54474,156,186,15,0,103
54501,135,164,14,0,0
54525,125,175,17,0,0
54550,130,151,10,0,0
54575,129,157,7,0,0
54598,130,159,7,0,0
54621,126,159,7,0,0
54644,122,158,7,0,0
54668,124,158,6,0,0
54691,128,159,7,0,0
54715,130,160,10,0,102
54741,136,159,10,0,0
54765,140,158,10,0,0
54790,146,183,15,0,0
54814,162,201,14,0,10
54840,167,193,18,0,11
54865,171,172,30,0,95
54891,173,193,30,0,99
54917,170,191,26,0,100
54943,169,198,23,0,103
54970,163,187,20,0,98
54996,155,185,15,0,104
55022,135,182,15,0,0
55047,125,161,17,0,0
55070,133,158,12,0,0
55095,127,158,7,0,0
55118,125,159,6,0,0
55142,120,159,7,0,0
55165,122,159,7,0,0
55188,123,159,7,0,102
55214,131,159,10,0,101
55240,133,177,10,0,101
55267,141,160,5,0,99
55291,159,174,16,0,94
55317,163,192,19,0,0
55342,168,193,19,0,104
55368,172,193,32,0,100
55395,171,197,31,0,98
55420,171,193,25,0,101
55447,169,194,21,0,98
55473,164,195,20,0,96
55498,157,192,13,0,103
55525,149,180,15,0,102
55552,124,156,15,0,0
55575,130,159,14,0,0
55600,128,159,11,0,0
55624,123,158,7,0,0
55648,122,158,7,0,0
55671,123,158,7,0,0
55694,131,159,8,0,102
55719,130,160,9,0,100
55745,132,164,11,0,0
55770,145,161,12,0,0
55794,160,200,18,0,0
55819,164,199,21,0,0
55843,169,196,25,0,13
55869,173,192,41,0,104
55896,172,182,38,0,104
55922,171,169,32,0,104
55949,168,192,21,0,104
55975,164,193,22,0,103
56002,150,189,13,0,5
56027,130,150,16,0,0
56050,133,157,12,0,0
56075,135,157,7,0,0
56098,133,158,7,0,0
56122,124,158,7,0,0
56145,128,156,7,0,102
56170,130,157,7,0,100
56196,138,159,8,0,93
56220,143,160,10,0,103
56247,144,167,11,0,103
56273,160,156,18,0,0
56298,158,183,22,0,0
56323,167,192,26,0,14
56348,170,185,33,0,101
56375,172,193,33,0,97
56400,173,191,30,0,98
56426,171,174,40,0,100
56453,170,190,39,0,102
56479,165,187,26,0,100
56506,162,175,20,0,0
56530,142,159,22,0,0
56554,124,158,12,0,0
56579,131,159,12,0,0
56603,132,157,7,0,0
56627,124,157,7,0,0
56650,125,159,7,0,0
56673,129,160,8,0,0
56696,131,161,8,0,0
56720,143,160,10,0,100
56747,142,163,15,0,102
56773,144,179,12,0,100
56800,163,183,23,0,0
56824,166,192,29,0,0
56849,169,192,44,0,0
56874,172,185,50,0,100
56900,174,187,51,0,99
56926,172,193,30,0,96
56950,170,177,34,0,98
56976,167,188,31,0,96
57002,164,185,27,0,101
57028,159,174,20,0,76
57054,130,155,17,0,0
57078,122,157,15,0,0
57103,134,156,14,0,0
57127,130,158,13,0,0
57152,124,157,7,0,0
57175,123,156,7,0,0
57198,128,157,7,0,102
57224,129,159,8,0,92
57248,132,161,10,0,102
57275,139,151,19,0,0
57300,148,172,20,0,0
57324,145,200,23,0,0
57349,166,194,24,0,10
57373,166,192,23,0,0
57398,173,195,33,0,100
57424,177,194,40,0,96
57450,178,194,41,0,96
57476,177,185,39,0,96
57501,173,194,34,0,99
57527,169,194,24,0,102
57553,163,175,20,0,0
57578,141,160,23,0,0
57603,127,158,16,0,0
57627,131,157,14,0,0
57652,131,157,12,0,0
57675,134,157,7,0,0
57699,135,160,7,0,0
57722,135,160,7,0,99
57747,138,159,9,0,100
57773,142,161,10,0,102
57799,145,172,19,0,0
57824,146,181,22,0,0
57847,162,197,23,0,0
57872,171,186,32,0,14
57898,176,184,33,0,102
57924,179,198,35,0,96
57950,176,197,37,0,97
57975,175,190,35,0,100
58002,173,196,22,0,98
58028,169,193,23,0,103
58054,165,157,19,0,93
58080,152,164,16,0,0
58104,138,162,16,0,0
58129,127,159,12,0,0
58153,135,158,8,0,0
58176,135,158,7,0,0
58200,134,161,7,0,93
58224,138,159,7,0,100
58250,143,159,10,0,100
58276,144,161,10,0,103
58303,149,156,17,0,97
58329,155,177,19,0,0
58352,169,198,21,0,0
58377,173,198,29,0,0
58401,175,186,31,0,103
58428,182,180,43,0,96
