2,82,0,38,0,102
21,83,1,38,0,102
41,83,1,39,0,102
61,82,0,38,0,102
81,82,0,38,0,102
101,83,0,38,0,103
122,83,0,38,0,102
144,84,0,38,0,102
165,83,1,38,0,103
186,83,0,38,0,103
207,83,0,39,0,103
229,83,0,38,0,103
249,82,0,39,0,103
271,82,0,38,0,103
292,82,0,38,0,103
313,83,0,39,0,103
334,82,0,38,0,103
356,82,0,38,0,103
377,82,1,39,0,103
398,82,0,38,0,103
419,82,1,39,0,103
441,82,0,38,0,102
461,82,0,38,0,103
483,82,53,38,0,103
528,94,94,38,0,103
549,94,94,42,0,103
572,83,95,48,0,103
595,84,97,49,0,80
616,83,97,50,0,90
636,86,95,50,0,89
658,125,97,54,0,2
680,129,90,54,0,2
700,131,89,57,0,3
721,134,80,58,0,3
743,133,78,56,0,3
763,135,64,57,0,0
785,135,74,60,0,0
806,136,28,66,0,1
827,137,41,72,0,1
848,138,41,75,0,1
870,146,48,77,16,1
892,149,48,83,17,1
914,141,43,85,16,103
939,145,39,92,17,103
963,145,48,98,17,106
988,147,49,106,17,105
1013,150,48,114,9,105
1039,148,51,112,11,106
1066,145,39,111,11,105
1092,143,21,109,8,107
1118,140,21,100,10,105
1144,138,18,94,15,105
1170,98,19,90,16,105
1195,112,12,81,16,105
1220,96,10,74,16,104
1244,105,10,70,0,104
1290,109,10,50,0,0
1312,108,12,48,0,0
1334,108,12,49,0,1
1356,108,8,58,0,1
1378,106,1,65,0,0
1398,105,1,68,0,2
1420,113,2,73,0,0
1441,130,10,74,0,1
1464,131,1,83,0,1
1484,135,18,89,0,2
1507,141,80,93,0,1
1529,142,96,97,0,3
1551,147,46,107,6,3
1574,152,62,123,19,4
1599,157,22,127,19,83
1625,152,20,116,6,100
1650,150,20,118,2,88
1675,148,9,113,1,4
1697,147,1,101,2,4
1719,147,1,97,2,4
1740,147,2,91,2,3
1762,138,66,82,2,3
1783,133,0,74,0,2
1805,94,0,65,7,3
1825,90,0,61,0,3
1845,77,0,48,0,2
1865,87,0,38,0,102
1888,79,0,40,0,101
1910,75,82,52,0,102
1933,79,1,56,0,102
1955,79,1,62,0,102
1978,80,80,65,0,102
2001,95,85,68,0,102
2025,110,76,76,0,102
2049,143,9,81,0,102
2072,143,10,87,0,102
2097,146,33,99,18,96
2121,154,93,129,18,3
2146,153,78,126,8,3
2169,151,98,118,8,4
2192,149,90,115,17,3
2217,147,14,105,15,4
2241,145,11,100,11,2
2266,143,12,91,16,3
2289,143,11,85,16,3
2313,136,10,78,16,2
2335,92,2,69,16,3
2357,91,68,66,0,2
2378,93,74,61,0,73
2400,93,76,50,0,100
2423,90,84,46,0,100
2447,95,87,55,0,101
2470,96,83,61,0,101
2494,98,89,61,0,102
2518,101,70,67,0,102
2541,144,61,76,0,102
2566,146,22,82,0,104
2590,147,22,90,0,99
2614,151,46,100,0,104
2639,151,115,119,10,100
2667,155,109,126,16,103
2695,155,75,114,18,100
2721,154,97,116,18,103
2748,151,23,106,17,99
2774,150,22,97,17,62
2798,149,15,92,16,47
2823,107,19,86,16,67
2847,102,7,74,0,90
2869,94,0,70,0,85
2890,93,0,66,0,90
2912,96,0,61,0,96
2932,90,45,61,0,102
2956,92,76,63,0,103
2979,93,72,65,0,103
3003,95,78,66,0,103
3027,98,52,69,0,103
3049,100,55,74,0,104
3074,142,24,87,0,104
3098,151,23,96,0,104
3123,155,59,106,0,104
3148,157,105,119,15,96
3175,163,112,135,16,95
3202,161,95,126,16,100
3228,158,87,117,16,101
3255,152,75,110,15,97
3280,159,23,102,13,70
3306,168,44,97,13,79
3331,135,17,90,16,75
3355,106,54,77,16,61
3379,103,65,71,15,3
3402,101,8,66,16,2
3425,100,0,65,0,2
3446,94,53,60,0,3
3467,95,74,60,0,3
3488,97,75,64,0,2
3510,99,67,65,0,2
3530,127,18,66,0,92
3554,133,14,73,0,94
3577,135,22,80,3,98
3601,135,23,89,5,98
3625,170,23,96,10,99
3648,170,23,111,13,95
3674,172,131,135,19,3
3699,176,119,131,19,2
3725,178,105,122,14,3
3750,177,99,117,15,3
3775,170,74,111,14,4
3800,170,25,99,7,3
3822,176,23,95,16,3
3845,176,64,88,15,3
3868,141,72,79,15,2
3892,139,29,68,15,3
3915,137,22,66,10,2
3939,133,56,61,0,3
3960,128,66,53,0,2
3983,131,83,53,0,3
4005,131,86,56,0,3
4028,131,82,57,0,3
4049,135,59,62,0,3
4072,137,44,64,0,2
4095,140,25,75,0,2
4117,139,26,80,0,3
4139,140,43,88,11,3
4162,176,94,92,10,3
4186,179,113,104,16,3
4211,174,130,124,16,102
4239,175,92,126,15,106
4266,175,99,112,16,106
4292,174,92,107,17,105
4319,177,60,97,16,105
4344,172,12,91,14,104
4370,176,59,89,14,103
4396,137,59,81,14,103
4421,138,78,73,11,103
4447,136,85,71,0,102
4471,110,84,63,0,100
4495,109,72,57,0,100
4520,110,63,59,0,94
4543,111,63,60,0,95
4567,139,80,64,0,96
4590,138,67,68,0,95
4613,138,27,71,0,100
4637,140,23,82,0,100
4662,141,23,89,5,101
4686,177,23,97,8,99
4710,179,23,112,11,101
4737,184,24,134,17,102
4763,177,61,138,16,102
4790,175,22,129,14,103
4816,182,22,125,15,102
4843,182,10,121,14,101
4870,179,10,108,13,92
4895,178,11,101,8,94
4920,142,10,92,12,97
4944,137,9,86,12,96
4967,130,8,77,0,94
4990,131,3,71,0,96
5012,127,0,70,0,99
5034,127,0,64,0,100
5057,128,1,60,0,100
5081,128,3,64,0,100
5104,130,9,66,0,99
5126,138,9,70,0,100
5149,142,22,78,0,99
5173,144,22,84,0,101
5197,178,22,91,0,101
5222,180,22,102,0,101
5248,183,23,121,0,99
5272,185,41,141,18,104
5299,186,24,142,14,103
5325,184,24,135,13,101
5352,177,24,127,12,100
5379,177,24,121,15,97
5404,173,10,113,10,100
5431,172,14,101,0,100
5456,169,15,95,0,100
5480,138,9,89,0,100
5504,135,9,77,0,96
5526,134,1,72,0,98
5549,132,0,67,0,95
5570,131,1,66,0,97
5593,132,0,67,0,99
5615,135,1,68,0,101
5638,134,16,70,0,95
5661,138,19,74,0,2
5684,137,11,83,0,1
5706,141,15,90,0,2
5728,140,18,93,0,2
5750,175,22,99,0,2
5773,179,22,109,0,98
5797,177,23,121,0,94
5822,179,127,138,0,103
5849,182,97,137,8,100
5874,178,99,128,0,102
5900,177,88,127,0,100
5925,175,10,121,0,101
5950,170,10,109,0,100
5976,169,11,101,0,100
6001,135,11,95,0,101
6026,134,94,83,0,96
6049,132,86,76,0,96
6073,130,92,73,0,95
6096,135,76,71,0,92
6119,132,74,67,0,99
6143,134,79,68,0,102
6167,136,74,70,0,99
6191,136,52,72,0,101
6215,137,91,81,0,101
6239,139,73,88,0,99
6262,175,46,92,0,97
6286,176,73,104,0,99
6310,173,95,114,4,102
6336,175,25,131,15,94
6362,184,108,142,17,96
6388,183,99,138,17,99
6414,179,101,127,17,100
6442,178,101,121,17,99
6468,175,68,112,17,88
6494,174,77,103,14,94
6519,173,43,96,7,97
6542,172,82,90,0,96
6565,139,84,82,9,96
6589,133,49,77,0,96
6613,132,67,72,0,95
6636,133,95,69,0,99
6659,134,96,70,0,98
6682,138,97,71,0,97
6706,139,58,72,0,98
6729,141,8,78,0,99
6751,143,31,87,0,99
6774,172,59,91,0,100
6799,175,64,94,0,98
6822,179,73,106,0,99
6847,180,81,115,0,101
6873,181,108,127,0,101
6899,184,113,137,11,100
6927,181,72,126,2,101
6953,180,74,124,8,100
6978,177,48,117,1,100
7004,177,53,106,0,101
7029,178,78,98,0,101
7053,143,52,90,0,99
7076,142,7,81,0,94
7099,136,4,75,0,94
7121,137,6,72,0,94
7143,136,6,67,0,97
7166,136,0,68,0,99
7188,137,10,67,0,100
7213,139,11,69,0,98
7235,141,2,74,0,98
7258,142,8,78,0,98
7280,142,3,87,0,100
7303,146,14,94,0,101
7327,179,39,103,0,101
7353,182,97,115,0,102
7379,182,97,130,0,101
7404,185,112,137,0,101
7431,183,52,129,0,99
7455,181,47,124,0,100
7481,175,23,117,0,101
7507,178,22,109,0,98
7531,177,20,100,0,100
7557,172,3,92,0,99
7578,171,76,83,0,98
7602,142,74,77,0,93
7625,139,76,74,0,96
7649,140,86,70,0,98
7671,138,96,70,0,100
7696,140,83,70,0,100
7721,141,89,71,0,100
7745,143,91,76,0,101
7770,145,91,86,0,100
7794,147,95,90,0,100
7819,150,101,98,0,100
7844,182,97,111,0,99
7868,184,137,122,0,101
7895,186,147,140,7,99
7920,186,133,136,0,101
7947,182,145,127,0,102
7973,181,126,126,0,102
8000,179,82,119,0,101
8026,178,85,104,0,100
8051,145,74,97,0,98
8075,140,74,86,0,99
8098,139,76,77,0,98
8122,139,66,71,0,96
8144,138,70,68,0,95
8168,137,82,66,0,97
8192,137,107,64,0,97
8216,138,100,65,0,98
8241,140,96,67,0,96
8263,142,82,71,0,98
8287,143,77,79,0,97
8310,147,73,90,0,91
8334,148,73,101,0,98
8358,181,62,110,0,97
8383,184,46,123,0,100
8409,186,111,133,3,103
8435,182,122,140,6,103
8462,182,44,129,5,104
8486,182,45,125,0,103
8512,180,43,121,0,103
8538,179,42,109,0,102
8563,178,48,101,0,101
8589,173,51,89,0,100
8613,170,44,79,0,99
8637,141,37,73,0,99
8661,139,40,67,0,99
8683,138,37,66,0,98
8707,138,35,66,0,99
8730,139,67,68,0,100
8755,141,43,69,0,100
8779,143,46,76,0,100
8803,145,58,81,0,93
8826,146,66,98,0,100
8851,178,66,107,0,97
8876,180,68,117,0,97
8900,183,76,129,0,102
8926,183,107,144,0,101
8952,187,39,140,1,102
8978,183,23,129,0,102
9004,184,21,126,5,103
9029,183,21,114,5,100
9054,182,24,106,0,97
9078,181,23,93,0,100
9103,146,22,83,0,95
9126,140,22,78,0,99
9150,140,9,69,0,99
9172,139,8,66,0,93
9194,138,2,62,0,100
9218,138,9,62,0,2
9239,139,9,67,0,3
9260,141,9,68,0,3
9281,142,10,70,0,2
9304,144,22,76,0,3
9325,145,23,83,0,3
9348,148,22,96,0,96
9371,180,23,106,0,95
9396,181,40,111,0,92
9420,184,42,123,3,100
9446,181,68,138,6,102
9472,183,71,136,7,105
9497,183,39,131,0,104
9522,184,74,127,0,104
9547,182,21,115,0,100
9573,182,52,106,0,95
9598,178,68,98,0,93
9621,144,62,86,0,94
9645,143,49,77,0,91
9667,141,7,69,0,90
9690,139,9,65,0,94
9712,139,15,59,0,94
9736,139,42,64,0,95
9759,139,36,67,0,95
9782,141,37,70,0,3
9804,143,36,76,0,2
9827,144,39,83,0,3
9849,146,39,89,0,3
9871,146,50,97,0,3
9893,180,50,106,0,92
9918,181,52,114,0,95
9943,184,56,127,5,100
9968,186,23,137,9,101
9994,189,44,133,0,102
10019,189,45,124,0,102
10046,189,41,117,0,101
10073,180,22,109,0,90
10097,179,23,100,0,94
10123,146,24,92,0,91
10147,144,20,80,0,96
10172,143,6,74,0,93
10196,140,1,68,0,90
10219,139,0,63,0,90
10242,140,0,62,0,93
10265,140,2,67,0,94
10289,144,9,71,0,96
10312,143,23,78,0,94
10337,144,9,85,0,92
10359,147,23,94,0,95
10384,181,23,104,0,94
10410,181,32,113,0,95
10435,183,45,121,0,98
10461,185,39,131,0,101
10487,186,40,131,0,101
10514,185,40,129,0,101
10541,184,38,122,0,101
10567,183,58,111,0,100
10594,182,39,101,0,99
10619,181,37,94,0,94
10644,147,15,86,0,95
10669,175,0,76,0,97
10691,143,0,69,0,92
10715,141,0,68,0,93
10738,141,0,65,0,94
10762,139,0,66,0,93
10784,141,0,67,0,89
10808,142,0,70,0,90
10831,143,15,73,0,91
10856,144,8,88,0,89
10880,147,7,94,0,97
10902,179,29,104,0,97
10928,181,24,114,0,97
10953,183,24,126,0,96
10979,187,38,137,0,100
11006,185,40,133,0,101
11032,184,40,127,0,101
11059,183,38,120,0,100
11085,181,21,110,0,95
11111,179,23,102,0,97
11137,183,21,97,0,98
11161,177,0,87,0,98
11185,144,0,77,0,98
11207,143,0,70,0,97
11231,142,0,66,0,96
11254,143,0,67,0,95
11278,144,0,69,0,95
11301,146,17,73,0,97
11325,180,10,86,0,97
11350,180,23,93,0,97
11374,181,24,100,0,98
11400,183,22,108,0,99
11425,188,30,123,0,100
11452,189,41,135,1,102
11479,188,42,125,0,101
11505,187,41,119,0,101
11532,185,22,115,0,100
11558,183,22,103,0,99
11584,182,22,103,0,101
11611,181,20,95,0,99
11635,146,15,85,0,99
11659,143,14,72,0,99
11683,143,0,68,0,99
11707,142,0,66,0,99
11731,142,0,67,0,99
11754,144,0,70,0,99
11777,146,8,74,0,99
11800,146,8,85,0,98
11824,148,8,91,0,99
11847,149,21,97,0,99
11872,181,23,99,0,99
11896,182,24,104,0,100
11922,185,22,116,0,99
11948,188,22,126,0,100
11974,189,40,133,0,98
12000,188,32,126,0,97
12025,185,25,121,0,98
12051,185,24,116,0,98
12077,182,22,106,0,99
12102,180,24,98,0,96
12127,147,14,89,0,97
12151,144,0,77,0,96
12174,143,0,67,0,95
12197,142,0,59,0,93
12221,143,0,56,0,92
12245,143,0,61,0,92
12268,144,0,63,0,92
12291,144,0,64,0,92
12314,144,3,68,0,93
12338,146,7,78,0,93
12361,147,10,91,0,92
12409,182,14,105,0,94
12435,185,26,119,1,94
12461,194,86,138,15,97
12487,191,20,136,5,99
12513,191,15,130,1,100
12539,190,16,123,1,101
12566,187,22,119,0,103
12593,185,20,111,0,102
12619,183,8,107,0,104
12645,183,5,97,0,103
12670,172,7,79,0,104
12694,142,9,69,0,104
12718,142,0,63,0,102
12742,140,0,52,0,92
12766,140,0,53,0,88
12789,141,0,59,0,93
12813,142,0,62,0,93
12835,143,0,66,0,96
12859,143,0,76,0,94
12883,145,1,84,0,96
12906,177,1,95,0,96
12930,180,13,101,0,98
12955,181,23,117,0,102
12982,185,22,126,0,104
13008,190,20,137,2,103
13035,188,16,133,0,102
13061,187,21,126,0,104
13087,185,21,124,0,104
13114,183,22,115,0,103
13141,182,20,106,0,104
13167,180,21,101,0,106
13194,144,15,88,0,104
13219,142,1,76,0,104
13244,139,0,68,0,104
13269,139,0,64,0,104
13293,138,0,67,0,104
13318,138,0,68,0,103
13341,139,0,74,0,104
13366,143,21,84,0,103
13391,143,22,94,0,103
13417,177,23,99,0,103
13443,176,24,108,0,103
13469,185,78,120,0,104
13496,193,98,136,12,104
13524,191,85,134,0,103
13550,189,84,127,0,102
13577,187,50,124,0,103
13603,185,16,118,0,104
13630,183,19,109,0,105
13657,180,15,99,0,105
13682,146,7,85,0,104
13707,142,0,75,0,104
13731,137,0,67,0,104
13755,139,0,62,0,104
13780,140,0,53,0,104
13804,140,0,58,0,105
13829,142,0,63,0,104
13853,141,0,69,0,104
13878,143,0,76,0,104
13901,146,8,81,0,103
13926,175,19,94,0,104
13952,179,22,103,0,104
13978,181,22,114,0,104
14005,184,22,126,0,105
14031,188,83,136,0,105
14058,187,66,129,0,104
14085,185,62,127,0,105
14111,185,16,122,0,105
14138,183,22,112,0,105
14165,181,22,104,0,105
14191,153,19,95,0,105
14217,145,0,84,0,104
14241,143,0,74,0,104
14266,142,0,67,0,105
14289,141,0,66,0,105
14314,142,0,67,0,104
14339,143,0,68,0,105
14363,144,2,72,0,105
14388,145,5,80,0,104
14412,148,7,85,0,104
14437,177,22,97,0,104
14462,182,22,104,0,104
14488,183,25,120,0,104
14515,187,95,126,0,105
14541,189,23,138,1,103
14568,189,16,132,0,103
14595,187,16,127,0,104
14621,186,22,125,0,103
14648,184,22,115,0,93
14673,183,22,106,0,92
14699,151,0,99,0,103
14724,146,0,83,0,103
14748,143,0,76,0,103
14773,137,0,68,0,104
14796,140,0,65,0,104
14821,140,0,65,0,104
14846,142,0,68,0,104
14870,142,0,73,0,104
14895,144,5,77,0,103
14919,146,0,82,0,103
14944,147,3,99,0,93
14966,180,6,104,0,93
14991,182,9,110,0,95
15016,184,12,124,0,97
15041,188,23,138,3,99
15067,189,22,138,1,103
15093,187,22,131,0,101
15120,185,23,130,0,103
15147,184,16,123,0,93
15172,181,2,113,0,91
15197,181,0,102,0,91
15220,149,0,93,0,90
15244,146,0,84,0,89
15267,143,0,73,0,90
15291,141,0,68,0,89
15315,142,0,65,0,89
15337,143,0,64,0,90
15361,144,0,66,0,90
15384,144,0,70,0,90
15408,144,0,76,0,90
15430,146,0,80,0,91
15454,147,5,92,0,90
15477,181,8,100,0,91
15502,182,9,106,0,92
15526,183,19,119,0,93
15552,187,23,129,1,93
15578,189,23,135,9,104
15604,187,22,126,0,102
15631,185,22,126,0,103
15658,185,20,122,0,103
15684,183,17,107,0,98
15710,182,14,101,0,101
15735,148,0,90,0,99
15759,146,0,80,0,101
15784,142,0,73,0,101
15808,141,0,65,1,102
15833,140,0,60,0,103
15857,142,0,56,0,101
15881,143,0,65,0,102
15905,145,0,66,0,102
15930,146,0,76,0,100
15955,148,0,81,0,96
15978,149,0,93,0,95
16002,182,6,102,1,98
16025,183,9,107,1,100
16051,183,22,120,2,100
16077,188,23,129,2,100
16104,187,22,127,0,103
16131,185,22,125,0,101
16157,183,17,119,0,102
16184,182,14,108,0,103
16211,181,0,101,0,102
16236,147,0,88,0,101
16261,146,0,78,0,101
16285,143,0,70,0,100
16310,143,0,56,0,102
16334,142,0,53,0,102
16358,144,0,52,0,100
16383,147,0,59,0,100
16407,147,0,65,0,101
16432,149,0,75,0,98
16455,148,0,86,0,97
16478,149,0,90,0,95
16501,184,0,97,0,96
16525,185,0,103,2,97
16549,183,6,120,1,101
16575,185,11,125,2,103
16602,186,1,126,3,102
16627,186,1,124,2,101
16653,183,0,119,1,102
16678,177,0,108,0,104
16704,180,0,98,0,104
16728,175,0,94,0,104
16752,139,0,81,0,103
16777,139,0,75,0,102
16801,140,0,66,0,102
16826,144,0,55,0,101
16851,144,0,56,0,101
16874,140,0,58,0,100
16899,144,0,63,0,99
16922,145,0,74,0,96
16946,145,0,79,0,94
16969,145,0,88,0,97
16992,176,0,93,0,96
17015,177,0,103,1,98
17040,178,6,110,2,99
17065,184,9,120,3,102
17090,188,21,130,5,101
17117,187,21,121,6,100
17143,185,23,118,2,101
17170,179,13,112,1,100
17197,180,0,107,0,103
17222,177,0,98,0,103
17247,178,0,90,0,102
17270,143,0,81,0,102
17295,140,0,76,0,103
17320,140,0,67,0,102
17344,140,0,57,0,102
17369,144,0,57,0,103
17393,145,0,64,0,102
17417,148,0,74,0,101
17441,149,0,80,0,92
17465,149,0,89,0,88
17488,151,0,97,0,92
17512,182,0,100,2,89
17536,183,0,108,2,86
17560,183,6,117,2,74
17585,183,10,125,2,100
17611,184,10,128,2,99
17637,185,2,123,2,101
17663,183,0,118,2,102
17688,181,0,111,1,102
17714,179,0,100,0,96
17738,173,0,95,0,96
17762,171,0,83,0,95
17784,171,0,76,0,98
17808,170,0,70,0,96
17832,173,0,61,0,93
17855,174,0,62,0,89
17878,175,0,66,1,80
17901,177,58,74,0,79
17926,178,71,75,0,71
17950,178,0,78,0,79
17974,179,0,90,0,77
17997,181,0,101,2,87
18021,182,0,106,2,94
18046,183,7,114,2,92
18070,182,9,124,3,92
18095,182,12,129,3,94
18120,183,9,124,3,99
18145,182,9,122,1,99
18169,181,8,114,0,99
18194,179,4,107,0,100
18219,179,5,101,0,99
18243,177,5,92,0,98
18267,176,0,79,0,98
18290,175,0,73,0,97
18314,173,0,67,0,98
18336,175,0,58,0,95
18360,174,0,58,0,97
18383,176,0,64,0,99
18407,173,0,69,0,98
18431,174,0,74,0,90
18453,177,0,79,0,95
18477,177,0,89,0,84
18500,179,8,102,0,86
18525,184,9,106,0,89
18549,185,10,115,1,96
18575,185,23,125,1,97
18601,186,68,130,2,95
18625,184,22,124,1,96
18651,186,22,123,0,95
18676,183,22,112,0,99
18702,178,23,108,0,102
18729,146,22,99,0,100
18754,148,0,89,0,101
18779,143,0,77,0,101
18803,138,0,68,0,101
18828,143,0,62,0,99
18850,143,0,56,0,98
18874,144,0,56,0,98
18897,145,20,61,0,99
18922,144,8,68,0,98
18946,146,8,72,0,99
18968,148,23,81,0,97
18993,148,95,94,0,96
19017,151,103,100,0,98
19044,183,103,106,0,100
19072,185,103,116,0,103
19099,186,130,124,0,103
19127,183,65,120,0,103
19153,183,61,114,0,103
19180,182,72,107,0,103
19207,181,75,101,0,103
19233,175,82,93,0,99
19258,175,16,83,0,95
19283,138,16,72,0,93
19307,142,15,68,0,98
19331,141,1,63,0,94
19354,139,52,62,0,90
19379,138,41,62,0,90
19403,139,83,67,0,99
19428,142,75,72,0,100
19454,144,82,74,0,97
19478,146,97,88,0,95
19502,148,102,95,0,97
19527,179,102,100,0,100
19555,178,138,113,0,100
19584,186,148,121,0,104
19611,186,152,126,0,104
19639,184,146,119,0,105
19667,184,142,115,0,104
19694,183,98,104,0,98
19720,173,81,94,0,82
19743,178,76,88,0,95
19768,141,71,77,0,97
19792,137,39,74,0,74
19817,137,34,69,0,71
19842,139,13,66,0,68
19866,140,41,65,0,93
19891,142,31,66,0,75
19914,143,101,68,0,96
19940,144,113,71,0,93
19966,146,89,75,0,75
19990,149,100,86,0,76
20016,149,102,94,0,77
20041,180,103,104,0,79
20068,182,140,109,0,84
20095,186,149,120,0,81
20121,186,154,124,0,98
20148,184,153,121,0,98
20174,184,138,118,0,97
20201,182,96,107,0,80
20227,179,97,100,0,96
20252,179,80,94,0,76
20276,148,63,78,0,75
20300,142,55,71,0,88
20325,143,82,66,0,80
20350,142,63,56,0,78
20374,142,62,52,0,90
20399,139,58,57,0,74
20423,137,77,57,0,73
20447,139,81,66,0,76
20471,140,87,70,0,77
20496,143,95,77,0,70
20521,146,102,84,0,72
20546,181,104,96,0,94
20572,181,106,103,0,92
20598,183,134,113,0,91
20625,183,144,118,0,87
20652,183,141,118,0,90
20678,184,137,115,0,91
20705,181,109,110,0,87
20731,178,102,104,0,95
20758,179,102,95,0,82
20784,149,101,82,0,97
20809,150,83,76,0,91
20833,145,52,70,0,94
20857,143,53,66,0,95
20882,143,52,62,0,89
20907,143,44,66,0,93
20931,144,46,70,0,84
20956,145,44,73,0,91
20980,159,69,80,0,79
21004,149,88,95,0,97
21028,180,71,100,0,84
21054,183,71,106,0,91
21080,180,141,113,0,99
21106,187,139,122,0,99
21133,186,108,127,0,98
21160,186,101,125,0,98
21186,185,74,122,0,100
21213,183,95,113,0,98
21238,181,100,106,0,99
21265,180,89,97,0,74
21290,150,49,84,0,79
21314,151,43,76,0,97
21338,141,0,69,0,96
21361,142,0,62,0,77
21385,141,0,59,0,71
21408,136,57,60,0,97
21433,137,61,64,0,97
21457,139,60,69,0,95
21481,141,69,74,0,97
21506,150,82,83,0,92
21530,152,96,96,0,88
21555,153,101,104,0,99
21581,188,110,109,0,84
21608,181,111,119,0,97
21635,187,120,127,0,95
21661,188,115,126,0,93
21688,186,114,124,0,94
21715,185,109,116,0,94
21741,182,103,106,0,99
21768,179,102,100,0,100
21795,181,99,89,0,100
21821,185,82,78,0,85
21846,175,55,72,0,76
21869,145,32,68,0,77
21894,143,47,66,0,72
21918,143,98,66,0,97
21943,144,96,70,0,97
21967,145,106,73,0,86
21993,184,106,78,0,72
22019,189,110,89,0,88
22044,180,115,97,0,87
22070,186,112,104,0,94
22096,181,113,113,0,93
22123,188,115,123,0,89
22150,187,120,127,0,96
22176,185,105,126,0,95
22203,183,111,124,0,95
22230,182,103,115,0,97
22255,183,94,106,0,95
22281,149,91,99,0,85
22305,154,95,89,0,83
22330,147,78,79,0,84
22355,146,67,72,0,83
22379,144,68,66,0,80
22404,140,86,66,0,81
22428,138,91,66,0,81
22452,140,86,69,0,82
22476,140,79,72,0,82
22501,148,82,76,0,86
22526,156,94,83,0,83
22550,155,97,92,0,77
22575,166,104,100,0,96
22601,186,106,107,0,88
22628,193,105,115,0,93
22655,188,108,124,0,97
22681,183,107,125,0,95
22708,184,105,122,0,98
22734,182,103,116,0,98
22761,184,103,109,0,96
22788,153,89,104,0,95
22812,155,84,94,0,90
22837,148,59,80,0,84
22861,145,36,75,0,90
22886,145,67,68,0,81
22911,137,80,59,0,90
22935,139,74,57,0,82
22960,142,80,64,0,82
22983,142,89,69,0,84
23008,143,92,73,0,83
23032,153,99,79,0,88
23057,159,102,89,0,93
23083,165,102,97,0,90
23108,178,103,105,0,90
23135,200,107,116,0,92
23161,184,104,123,0,89
23188,189,95,123,0,95
23214,188,102,120,0,98
23240,187,98,120,0,99
23266,185,91,111,0,101
23292,183,84,105,0,95
23317,149,95,98,0,92
23342,149,86,88,0,87
23366,160,74,78,0,90
23391,145,48,72,0,89
23415,144,44,68,0,88
23440,143,54,66,0,87
23465,143,35,66,0,86
23488,143,39,68,0,89
23513,144,40,73,0,82
23537,158,76,80,0,90
23562,159,108,89,0,92
23587,160,109,100,0,97
23614,166,106,108,0,97
23641,182,122,112,1,97
23667,187,118,122,0,96
23694,186,89,125,0,99
23720,188,95,123,1,94
23745,186,86,123,1,98
23771,186,87,121,0,98
23796,184,94,108,0,99
23822,181,115,106,0,91
23848,150,116,94,1,92
23873,155,68,82,0,92
23898,145,58,76,0,95
23922,143,53,69,0,95
23947,139,54,59,0,86
23971,141,47,57,0,91
23996,142,47,59,0,88
24020,143,49,67,0,98
24044,143,50,74,0,90
24069,145,89,80,0,87
24093,155,102,93,0,86
24119,159,114,100,0,97
24145,184,117,107,1,97
24172,183,122,117,0,94
24199,186,97,122,0,99
24224,187,100,123,0,100
24252,188,100,120,0,100
24280,186,92,111,0,100
24306,183,94,105,0,100
24333,153,95,98,0,92
24357,152,90,87,0,95
24382,159,87,78,0,85
24406,145,70,74,0,88
24430,143,64,66,0,91
24455,142,43,59,0,90
24479,142,15,57,0,96
24504,142,21,60,0,98
24528,142,46,68,0,96
24553,143,92,73,0,94
24577,146,84,80,0,89
24601,158,93,88,0,92
24626,178,88,98,0,94
24650,177,87,104,0,91
24676,180,87,111,0,91
24702,184,135,121,0,94
24728,186,130,125,1,95
24755,189,128,123,0,97
24781,185,100,118,0,96
24808,186,83,115,0,96
24834,181,86,103,0,98
24859,181,98,102,0,95
24885,181,107,92,0,96
24909,148,116,84,0,90
24935,151,81,77,0,92
24960,157,86,71,0,94
24984,144,69,69,0,99
25009,139,32,68,0,94
25033,141,44,72,0,95
25058,143,48,75,0,95
25081,156,52,80,0,88
25106,161,109,85,0,89
25132,155,78,93,0,92
25156,181,80,101,0,91
25182,181,95,105,0,92
25207,179,89,110,0,93
25233,183,124,119,0,95
25260,185,108,122,0,99
25286,189,122,122,0,99
25313,189,115,120,0,101
25340,187,84,112,0,101
25367,184,93,108,0,96
25393,182,107,104,0,97
25419,151,53,102,0,101
25446,149,82,94,0,98
25471,152,27,88,0,92
25494,154,5,86,0,3
25517,150,23,80,0,2
25540,148,20,80,0,3
25564,140,21,79,0,2
25587,144,17,81,0,3
25610,144,17,87,0,3
25633,152,18,90,0,3
25657,153,17,88,0,2
25680,152,17,94,0,3
25704,161,18,96,0,3
25727,167,22,102,0,3
25751,182,23,105,0,2
25776,185,44,108,0,87
25801,182,52,113,0,99
25827,181,81,114,0,99
25852,181,72,112,0,100
25879,179,88,108,0,101
25906,178,100,105,0,98
25932,177,97,100,0,97
25958,146,26,97,0,91
25983,143,21,91,0,92
26006,143,91,80,0,96
26031,145,21,77,1,100
26056,146,80,73,0,96
26081,145,75,74,0,92
26105,145,64,72,0,99
26130,149,60,73,0,99
26155,150,56,76,0,98
26179,151,51,78,0,97
26203,158,90,84,0,97
26227,158,94,88,0,98
26252,148,81,95,0,97
26276,155,67,98,0,97
26301,187,53,102,0,98
26327,178,48,108,0,100
26353,182,74,117,0,98
26379,183,87,117,0,97
26404,183,97,114,0,99
26429,181,99,109,0,100
26457,177,100,104,0,100
26484,180,86,101,0,101
26510,148,63,90,0,100
26536,152,83,77,0,95
26560,151,73,75,0,96
26585,149,57,65,0,95
26609,149,64,60,0,97
26634,147,59,58,0,97
26658,146,61,51,0,97
26682,146,63,57,0,95
26707,147,66,62,0,98
26731,147,76,64,0,99
26756,153,184,72,0,102
26782,167,182,82,0,99
26808,161,149,89,0,99
26833,191,140,97,0,100
26860,182,146,101,0,104
26888,182,160,114,0,104
26915,185,84,110,0,102
26942,185,87,103,0,102
26969,184,97,100,0,103
26995,181,94,95,0,104
27021,148,90,90,0,104
27046,148,149,80,0,104
27073,155,147,73,0,104
27100,148,161,64,0,104
27126,147,139,60,0,103
27153,145,148,57,0,104
27180,137,144,56,0,103
27206,137,141,58,0,103
27233,138,151,62,0,104
27259,146,160,74,0,102
27286,155,158,77,0,101
27313,167,135,92,0,102
27339,167,125,99,0,102
27366,192,143,109,0,104
27394,185,79,123,0,104
27420,188,117,119,0,104
27448,186,129,118,0,102
27476,187,163,110,0,103
27503,183,112,98,0,103
27530,150,125,91,0,104
27556,147,127,77,0,104
27583,141,113,72,0,104
27610,150,118,62,0,104
27636,149,114,55,0,103
27663,136,115,53,0,103
27690,136,115,51,0,100
27715,137,114,55,0,99
27741,138,116,57,0,96
27766,139,117,63,0,70
27792,140,127,70,0,98
27818,149,131,86,0,99
27843,163,134,91,0,99
27869,164,127,102,0,100
27896,185,143,112,0,101
27924,189,171,123,0,101
27952,189,170,126,0,102
27979,192,164,124,0,103
28007,185,133,114,0,102
28035,185,94,109,0,99
28060,186,120,104,0,99
28087,159,119,93,0,98
28112,156,103,86,0,95
28138,152,103,75,0,96
28164,139,87,67,0,98
28188,139,96,61,0,96
28213,137,110,60,0,97
28238,137,125,67,0,97
28263,137,122,69,1,98
28289,139,112,70,0,99
28314,146,120,77,0,99
28340,161,125,90,0,99
28365,161,106,100,0,100
28393,195,126,108,0,99
28420,185,112,121,1,101
28447,185,123,128,1,102
28475,183,144,120,0,100
28503,182,129,117,0,100
28530,185,131,104,0,101
28558,183,109,97,2,101
28585,182,98,88,0,99
28609,147,83,78,0,98
28634,142,104,69,0,99
28659,150,91,64,0,98
28684,150,92,57,0,98
28708,147,98,49,2,97
28732,146,100,48,0,97
28758,145,103,55,0,94
28783,146,100,61,0,93
28809,147,116,63,1,93
28834,149,105,71,0,2
28859,153,109,87,0,1
28884,189,72,95,0,1
28907,196,97,101,0,1
28932,189,104,110,0,96
28958,190,117,122,0,98
28985,189,116,122,1,102
29013,188,119,119,0,103
29040,189,108,110,0,102
29068,183,82,103,0,97
29093,183,86,95,0,93
29117,149,94,83,0,96
29142,153,90,73,0,92
29166,152,87,63,0,1
29190,151,103,58,0,2
29214,146,107,49,0,2
29239,137,99,52,0,1
29262,138,80,54,0,2
29285,140,105,60,0,2
29310,139,132,67,1,1
29334,141,126,74,1,1
29359,160,122,90,0,1
29383,161,126,99,1,2
29408,188,126,106,0,1
29433,185,141,115,0,1
29459,185,108,125,1,1
29485,190,130,128,0,1
29510,188,146,126,0,1
29536,188,151,125,0,1
29560,182,137,113,0,1
29586,174,110,106,0,1
29612,173,110,102,0,0
29637,179,93,92,0,0
29661,148,87,80,0,0
29684,139,112,73,0,0
29709,138,101,68,0,0
29733,137,95,60,0,0
29756,137,106,56,0,0
29781,137,117,65,0,0
29805,137,96,68,0,0
29829,138,87,74,0,0
29852,140,85,79,0,95
29877,158,83,95,0,98
29901,180,72,105,0,96
29926,187,14,111,0,99
29952,190,88,118,0,99
29977,196,135,129,1,71
30004,190,126,134,1,3
30029,191,113,132,1,2
30055,188,131,130,1,3
30081,182,124,124,0,3
30106,184,88,113,0,97
30132,182,98,107,0,100
30158,179,95,100,0,98
30184,177,99,84,0,0
30208,175,99,78,0,0
30230,137,76,70,0,0
30254,137,51,65,0,0
30277,136,68,63,0,0
30301,137,53,65,0,0
30324,138,62,69,0,0
30347,138,25,72,0,0
30370,140,36,80,0,0
30394,141,44,86,0,0
30417,181,27,98,0,0
30441,178,70,105,0,90
30467,188,53,110,0,103
30493,193,69,122,0,102
30520,198,87,129,0,103
30547,193,67,129,0,103
30573,194,76,125,0,103
30600,183,75,116,0,103
30626,181,58,111,0,103
30653,180,70,103,0,103
30680,182,35,101,0,98
30704,174,52,85,1,0
30728,136,77,79,0,0
30751,138,76,71,0,0
30775,137,78,68,0,0
30798,136,82,64,0,0
30821,137,79,69,0,0
30844,137,80,72,0,0
30868,138,79,79,0,0
30892,140,76,85,0,101
30917,141,79,96,0,103
30943,173,70,101,0,104
30969,178,31,108,0,103
30996,180,87,120,1,104
31023,194,95,129,1,103
31049,191,97,132,0,104
31076,188,101,129,0,104
31104,186,99,126,0,103
31130,191,95,117,0,103
31157,181,99,110,0,103
31183,156,97,104,0,104
31210,157,99,91,0,104
31236,142,95,85,0,104
31260,136,86,75,0,103
31286,138,35,70,0,104
31311,138,17,69,0,104
31337,139,66,71,0,104
31363,139,65,75,0,104
31388,141,79,81,0,104
31414,151,75,92,0,104
31439,144,72,99,0,103
31465,177,79,104,0,105
31492,189,58,109,0,104
31518,182,61,119,0,104
31545,201,84,126,0,104
31572,193,96,130,0,104
31598,192,75,129,0,103
31625,195,88,127,0,104
31651,196,60,119,0,104
31678,182,93,113,0,102
31705,181,94,108,0,104
31731,180,92,101,0,104
31758,143,90,88,0,104
31782,138,46,83,0,103
31808,137,43,73,0,103
31834,138,36,72,0,103
31859,137,45,75,0,103
31885,140,45,83,0,103
31910,141,21,86,0,103
31936,142,11,97,0,103
31962,143,19,102,0,103
31988,179,66,109,0,104
32015,186,85,113,0,104
32042,191,100,128,0,104
32069,199,97,134,0,103
32096,192,98,132,0,103
32122,193,102,130,0,103
32150,192,101,125,0,104
32178,182,92,117,0,103
32204,179,104,111,0,104
32232,177,96,103,0,103
32259,171,88,89,0,102
32284,137,88,83,0,101
32310,137,75,76,0,101
32335,138,88,70,0,100
32361,138,74,68,0,99
32385,139,20,71,0,100
32410,139,19,72,1,100
32436,140,15,74,1,101
32461,146,5,84,2,96
32485,178,6,88,4,98
32508,181,12,93,0,96
32533,186,15,100,0,99
32558,184,54,106,0,98
32583,189,46,118,0,93
32609,191,48,118,0,97
32634,191,137,118,0,99
32661,190,124,115,0,97
32688,185,88,111,0,95
32713,178,23,106,0,98
32739,154,14,104,0,0
32763,150,6,98,0,0
32786,148,60,90,0,44
32810,139,57,84,0,99
32834,138,62,79,0,97
32859,137,68,75,0,99
32883,137,33,74,0,100
32909,138,20,80,0,94
32933,137,20,85,0,101
32959,138,11,88,1,100
32985,140,1,98,0,100
33008,141,1,104,0,101
33034,173,1,108,0,101
33059,174,14,115,0,101
33086,175,19,128,0,96
33112,182,13,135,0,103
33138,183,20,140,0,103
33165,183,20,139,0,103
33192,183,14,139,0,104
33218,183,13,134,0,104
33245,179,19,124,0,102
33271,176,20,121,0,102
33298,142,12,112,0,103
33325,140,10,104,0,103
33351,137,10,92,0,101
33377,127,10,87,0,100
33402,129,10,85,0,100
33428,128,12,83,0,100
33454,127,11,86,0,99
33478,127,0,87,0,102
33502,129,0,90,0,102
33526,128,0,96,0,102
33551,129,0,104,0,102
33577,130,0,112,0,99
33601,131,0,119,1,87
33626,166,0,125,1,74
33650,168,0,135,9,81
33675,169,0,138,15,86
33699,169,49,139,19,84
33726,168,58,137,1,47
33752,177,0,133,0,3
33775,166,0,126,0,3
33799,175,65,122,0,3
33823,140,68,113,0,3
33848,137,0,105,0,3
33871,136,11,93,0,2
33894,137,12,87,1,3
33918,134,12,80,0,3
33941,134,11,78,0,3
33965,135,11,75,0,3
33988,136,4,80,0,3
34010,136,2,81,0,2
34032,137,0,84,0,3
34055,139,0,89,0,3
34076,139,0,99,0,3
34099,140,0,106,0,3
34122,140,78,112,9,3
34147,176,12,123,1,3
34171,177,78,132,0,3
34196,179,0,138,0,4
34219,179,17,139,0,4
34243,180,0,138,0,4
34267,180,0,137,0,3
34290,169,0,132,0,4
34314,179,0,125,0,3
34337,173,0,120,0,4
34360,140,39,109,0,4
34384,139,2,101,0,4
34408,138,7,90,0,4
34431,136,73,86,0,3
34454,135,90,82,0,4
34478,135,80,81,0,4
34500,136,0,81,0,4
34523,137,0,85,0,3
34545,139,0,89,1,4
34567,139,0,94,1,4
34589,139,0,96,1,3
34612,140,0,107,0,3
34635,140,0,113,0,4
34659,177,0,117,0,4
34681,178,71,124,0,3
34706,179,77,136,1,4
34731,180,0,140,1,4
34754,181,0,140,1,4
34778,181,0,138,0,3
34801,180,0,135,0,4
34824,179,0,127,0,3
34847,182,0,122,0,3
34871,178,0,114,0,4
34894,141,0,105,0,3
34918,141,0,91,0,1
34939,135,6,86,0,3
34962,135,0,82,1,3
34985,134,1,79,0,3
35007,134,9,77,0,3
35029,135,85,79,0,4
35052,135,91,81,0,4
35076,135,74,83,0,3
35099,136,66,90,1,3
35123,137,87,95,0,4
35145,138,88,102,0,4
35170,139,96,108,0,4
35194,176,102,115,0,4
35220,177,105,126,0,3
35246,182,107,132,0,3
35271,182,105,133,1,4
35297,179,106,129,0,4
35322,178,106,121,0,4
35348,176,105,115,0,4
35374,175,103,104,0,4
35399,138,105,97,0,3
35424,136,105,84,0,3
35447,135,105,80,0,3
35472,134,103,72,0,3
35497,133,98,68,0,3
35520,130,100,67,0,3
35545,130,99,64,0,3
35568,129,85,67,0,3
35591,130,78,73,0,4
35614,130,85,79,0,3
35638,131,90,86,0,3
35661,131,132,94,0,3
35686,133,134,95,0,4
35711,172,135,106,1,3
35736,173,130,115,0,3
35762,178,109,126,0,4
35787,181,106,131,0,3
35812,183,103,134,0,3
35838,181,109,126,0,3
35863,180,117,122,0,4
35889,175,163,111,0,4
35914,174,155,99,0,4
35939,174,158,94,0,4
35963,136,159,92,0,3
35988,136,105,80,0,3
36013,134,92,76,0,3
36036,133,67,66,0,4
36059,132,75,60,0,3
36082,131,61,58,0,3
36106,131,71,69,0,4
36129,132,75,75,0,3
36153,132,62,81,0,3
36175,133,70,85,0,3
36199,134,77,89,0,3
36223,135,60,93,0,3
36246,135,83,97,0,4
36270,174,91,103,0,99
36295,177,84,112,0,98
36320,172,92,118,0,99
36345,177,84,120,1,96
36371,172,87,113,1,93
36397,177,89,107,0,102
36423,167,86,100,1,101
36450,139,112,94,1,90
36475,139,121,89,0,96
36501,134,122,77,0,99
36527,133,127,71,0,90
36552,126,94,62,0,94
36577,129,70,54,0,98
36600,129,72,53,0,96
36625,129,71,50,0,94
36650,130,73,60,0,94
36674,132,76,64,0,99
36699,132,96,74,0,99
36723,133,96,84,0,93
36748,134,100,91,0,93
36773,137,105,94,0,99
36799,173,106,102,0,100
36827,184,108,116,0,97
36853,183,108,122,0,98
36880,183,109,122,0,101
36908,182,108,116,0,100
36935,188,102,110,0,100
36963,183,101,102,0,100
36991,146,93,94,0,100
37016,141,96,89,0,98
37040,143,94,79,0,99
37064,132,86,71,0,91
37113,131,79,58,0,96
37138,129,79,59,0,96
37163,132,86,69,0,97
37187,133,75,72,0,94
37211,135,78,76,0,89
37235,135,78,87,0,98
37260,137,82,96,0,100
37285,139,89,103,0,97
37311,175,92,115,0,100
37338,178,97,126,0,97
37363,178,108,133,0,101
37391,184,110,132,0,101
37419,185,108,129,0,100
37446,179,103,121,0,99
37473,175,110,112,0,100
37500,166,147,103,0,99
37527,173,107,97,0,100
37554,135,108,84,0,97
37579,135,107,74,0,93
37605,135,103,65,0,97
37631,133,105,60,0,95
37656,133,107,61,0,96
37682,134,106,68,0,98
37706,134,101,72,0,97
37732,134,96,77,0,88
37756,135,93,86,0,98
37781,138,88,99,0,98
37806,175,136,103,0,97
37832,176,102,109,0,98
37859,177,142,122,2,100
37887,181,141,131,0,103
37914,181,140,127,0,103
37942,179,144,122,0,103
37969,177,135,117,0,102
37997,134,135,107,0,99
38024,143,103,98,0,99
38049,134,103,88,0,100
38076,145,98,77,0,99
38101,133,99,60,1,99
38125,134,100,56,0,100
38152,129,99,53,0,99
38176,130,98,50,0,100
38201,133,98,55,0,99
38225,134,95,59,0,99
38250,135,92,71,0,98
38275,137,95,84,0,97
38299,138,94,95,0,97
38324,136,96,105,0,97
38349,142,102,110,0,98
38376,180,100,123,0,102
38404,185,106,131,0,103
38431,177,109,130,0,103
38459,174,106,119,0,100
38487,181,101,115,0,98
38513,148,108,106,0,96
38540,148,104,92,0,96
38565,137,102,83,0,96
38591,137,99,71,0,100
38617,136,97,58,0,98
38640,134,95,54,0,99
38665,130,98,49,0,99
38689,133,100,51,0,99
38715,135,94,58,0,99
38740,135,95,62,0,99
38764,137,93,76,0,100
38790,137,92,84,0,98
38814,140,92,99,0,100
38839,136,97,107,0,96
38864,183,101,114,0,97
38891,184,105,130,0,100
38919,187,101,135,0,100
38946,185,102,134,0,101
38975,185,106,127,0,101
39003,180,95,119,0,98
39027,144,95,112,0,100
39054,147,96,96,0,101
39080,138,97,89,0,102
39105,139,101,83,0,97
39131,128,103,70,0,97
39156,129,103,60,0,100
39183,127,101,59,0,100
39210,128,103,61,0,101
39236,129,102,73,0,101
39263,132,102,81,0,100
39289,132,99,88,0,100
39315,133,100,99,0,101
39342,141,102,108,0,99
39368,186,126,116,0,99
39395,186,137,127,0,97
39422,176,129,133,0,100
39449,177,121,128,0,100
39477,177,129,122,0,99
39503,178,121,116,0,100
39531,146,126,109,0,101
39559,145,104,94,0,101
39585,147,105,86,0,102
39612,134,102,78,0,102
39639,136,102,63,0,101
39665,136,103,61,0,97
39691,136,104,62,0,99
39716,137,103,71,0,99
39742,137,100,81,0,100
39769,139,111,88,0,100
39795,136,88,98,0,101
39821,146,102,108,0,99
39848,171,124,116,0,97
39874,178,105,128,0,92
39900,171,109,135,0,98
39926,172,112,136,0,98
39953,176,110,134,0,100
39982,174,107,129,0,101
40009,173,106,116,0,100
40037,176,105,111,0,100
40065,175,103,96,0,99
40090,148,102,88,0,100
40117,130,101,81,0,97
40141,135,99,76,0,100
40167,136,99,63,0,99
40192,137,101,63,0,99
40217,136,99,67,0,100
40243,137,97,74,0,97
40267,137,85,81,0,99
40292,139,82,86,0,100
40318,139,109,96,0,100
40344,140,84,103,0,101
40371,141,97,111,0,100
40397,186,105,118,0,98
40424,182,136,129,0,102
40452,177,106,133,0,103
40479,178,141,128,0,103
40507,178,127,120,0,103
40535,178,113,115,0,102
40562,180,131,107,0,102
40590,177,101,94,0,101
40617,147,97,85,0,99
40641,147,94,78,0,99
40666,136,95,64,0,100
40690,135,97,58,0,102
40716,136,96,52,0,100
40741,136,98,55,0,99
40766,138,97,60,0,100
40792,138,97,64,0,98
40816,138,93,77,0,100
40842,140,79,86,0,101
40867,142,84,99,0,101
40893,169,98,110,0,101
40920,187,104,117,0,100
40947,174,132,131,0,101
40975,175,119,136,0,100
41003,173,134,133,0,100
41030,174,135,130,0,100
41058,183,105,119,0,100
41086,180,141,112,0,99
41112,149,139,101,0,102
41140,139,100,87,0,101
41166,140,102,80,0,98
41192,135,99,63,0,100
41218,137,100,52,0,99
41243,137,101,51,0,98
41269,137,101,55,0,99
41294,131,100,60,0,101
41321,133,100,65,0,101
41347,138,98,79,0,101
41372,140,99,87,0,101
41398,142,100,99,0,101
41424,177,122,110,0,101
41452,190,153,117,0,100
41480,173,138,130,0,99
41506,174,131,133,0,101
41534,180,139,132,0,102
41563,176,104,123,0,102
41590,182,115,114,0,102
41618,181,101,105,0,101
41646,144,98,93,0,102
41671,141,98,86,0,101
41696,139,97,78,0,101
41721,149,100,60,0,99
41747,147,96,55,0,99
41772,139,97,54,0,98
41796,139,95,55,0,99
41821,139,95,60,0,102
41846,140,96,62,0,100
41872,140,92,78,0,100
41898,143,92,88,0,98
41921,154,101,101,0,99
41948,180,99,108,0,98
41973,174,106,118,0,99
42000,175,121,131,0,102
42028,173,104,131,0,103
42055,174,104,130,0,103
42084,175,103,120,0,103
42112,179,99,111,0,100
42138,180,96,103,0,100
42165,148,102,91,0,102
42190,141,99,84,0,102
42216,141,99,70,0,102
42242,138,97,60,0,100
42267,149,98,55,0,99
42292,151,100,54,0,98
42317,151,97,56,0,100
42343,151,100,60,0,100
42370,152,100,66,0,100
42396,154,101,79,0,99
42422,155,101,89,0,98
42447,157,101,102,0,98
42474,190,102,107,0,98
42501,183,106,117,0,100
42528,182,107,130,1,96
42555,183,107,126,0,102
42583,182,107,121,0,102
42610,180,104,111,0,102
42638,180,104,104,0,100
42666,143,101,92,0,100
42692,143,103,85,0,101
42719,151,92,70,0,99
42743,151,94,58,0,99
42768,152,92,54,0,93
42792,153,82,49,0,96
42816,153,81,49,0,98
42841,154,86,54,0,100
42866,155,76,56,0,99
42891,155,82,66,0,100
42916,157,78,78,0,92
42941,157,74,86,0,95
42966,159,86,101,0,96
42990,189,100,107,0,92
43017,180,105,117,0,100
43045,174,107,130,0,100
43073,175,103,132,0,104
43101,175,104,130,0,103
43128,174,102,117,0,104
43156,181,102,109,0,102
43184,161,102,101,0,98
43210,141,108,88,0,98
43236,147,101,81,0,99
43262,154,98,67,0,98
43285,155,84,56,0,95
43310,155,84,53,0,95
43334,153,87,49,0,90
43359,154,80,56,0,94
43383,153,82,60,0,97
43408,154,66,66,0,93
43432,155,60,72,0,94
43456,156,65,82,0,87
43481,158,66,94,0,95
43505,158,94,103,0,93
43531,190,102,110,0,96
43557,189,102,124,0,96
43584,192,107,131,0,92
43611,194,101,130,0,96
43637,195,104,127,0,98
43664,192,102,119,0,99
43691,189,103,111,0,96
43717,188,103,104,0,95
43744,156,101,90,0,98
43769,154,73,82,0,93
43794,151,65,69,0,98
43818,149,70,56,0,94
43842,154,79,53,0,93
43867,152,62,52,0,92
43891,153,49,54,0,96
43916,154,69,56,0,95
43940,155,57,62,0,91
43965,154,67,76,0,91
43989,152,63,86,0,92
44013,154,79,100,0,92
44039,190,102,108,0,99
44065,192,118,117,0,88
44092,193,133,128,0,95
44119,193,127,130,0,98
44145,193,136,128,1,101
44173,192,105,120,0,101
44201,185,103,113,0,100
44228,190,102,106,0,96
44255,158,101,92,0,96
44280,156,89,85,0,92
44305,153,88,75,0,95
44330,153,85,61,0,96
44354,150,90,55,0,91
44379,151,89,52,0,88
44402,140,84,50,0,86
44427,140,74,50,0,94
44451,140,69,55,0,95
44476,140,58,61,0,88
44501,142,7,68,0,93
44524,153,5,80,0,91
44547,155,6,88,0,84
44570,157,10,104,0,94
44596,189,15,111,0,95
44621,185,90,120,0,92
44647,180,103,129,0,95
44674,189,106,124,0,93
44700,190,106,118,0,94
44727,181,105,114,0,90
44753,189,104,109,0,90
44780,171,100,95,0,90
44806,155,11,88,0,86
44830,152,4,78,0,96
44853,154,3,62,0,92
44876,152,56,55,0,93
44901,151,52,51,0,98
44926,138,55,46,0,3
44949,138,56,47,0,2
44973,139,76,52,0,3
44995,140,0,60,0,3
45018,141,0,64,0,3
45040,142,0,73,0,3
45062,139,0,82,0,3
45084,155,0,91,0,4
45107,157,3,102,0,4
45130,190,10,110,0,3
45155,191,15,117,0,4
45179,190,21,120,0,4
45203,184,24,120,0,3
45228,184,23,118,0,4
45252,183,23,114,0,4
45277,182,22,109,0,4
45301,174,14,100,0,3
45326,146,10,88,0,94
45350,153,12,81,0,97
45374,154,5,67,0,98
45398,152,0,59,0,92
45421,151,0,54,0,101
45446,138,0,43,0,98
45469,135,0,44,0,99
45492,136,0,47,0,101
45516,135,0,51,0,97
45540,137,0,57,0,98
45563,139,0,68,0,94
45587,141,0,80,0,3
45609,153,1,87,0,4
45631,155,82,97,0,4
45655,188,98,104,0,4
45679,193,139,107,0,4
45705,194,104,113,0,4
45730,194,106,115,0,4
45756,195,137,114,0,4
45782,193,139,111,0,4
45807,188,135,107,0,5
45833,189,106,104,0,100
45860,145,101,95,0,97
45885,143,93,81,0,97
45910,154,0,74,0,94
45933,154,0,66,0,99
45957,154,0,62,0,96
45980,152,87,59,0,96
46004,153,86,59,0,99
46028,152,57,62,0,98
46053,154,0,65,0,97
46076,154,0,71,0,96
46100,154,1,80,0,97
46123,156,4,91,0,4
46145,161,78,98,0,4
46169,197,95,104,0,3
46193,197,104,114,0,4
46219,194,105,122,0,87
46245,195,143,123,0,97
46272,194,144,120,0,93
46299,194,137,116,0,92
46325,192,102,108,0,94
46352,187,100,101,0,95
46379,157,94,82,0,93
46403,155,91,78,0,98
46428,152,92,69,0,100
46452,152,75,62,0,99
46477,151,16,58,0,100
46502,149,16,53,0,96
46527,150,15,55,0,98
46552,151,17,62,0,98
46576,152,23,68,0,91
46601,153,16,81,0,97
46624,155,15,95,0,100
46650,166,89,103,0,97
46676,191,99,109,0,96
46701,191,100,118,0,96
46728,193,101,130,0,102
46755,193,136,124,0,95
46782,193,102,121,0,99
46809,185,105,115,0,94
46835,185,99,107,0,97
46861,168,99,98,0,91
46885,155,100,83,0,92
46911,154,93,73,0,97
46936,149,60,64,0,97
46960,150,95,56,0,92
46984,138,92,44,0,96
47008,137,95,43,0,94
47033,138,99,46,0,95
47057,139,101,53,0,98
47083,140,92,67,0,98
47108,141,58,76,0,98
47132,143,78,92,0,94
47156,161,93,100,0,97
47181,183,98,111,0,91
47207,191,103,118,2,99
47234,185,108,129,2,103
47261,192,103,125,0,100
47289,192,104,123,0,101
47317,191,103,116,0,95
47343,190,103,108,0,99
47370,156,100,97,0,90
47395,153,93,81,0,94
47420,152,99,71,0,94
47445,149,89,61,0,93
47469,150,81,48,0,92
47494,139,80,44,0,95
47518,139,83,46,0,99
47542,140,68,54,0,100
47567,141,81,67,0,101
47593,140,59,76,0,3
47617,178,71,92,0,98
47641,183,83,100,0,96
47667,198,101,108,0,92
47693,192,131,120,0,92
47720,181,100,136,0,101
47748,180,101,134,2,99
47774,183,103,128,2,97
47801,182,103,124,0,93
47828,189,105,115,0,101
47855,186,104,105,0,97
47882,155,104,88,0,92
47907,154,92,79,0,94
47932,149,75,70,0,95
47956,151,87,62,0,92
47980,151,91,59,0,70
48005,138,82,55,0,99
48029,137,74,59,0,96
48054,135,62,68,0,99
48078,137,77,75,0,98
48103,169,72,81,0,99
48127,151,88,93,0,24
48151,195,100,103,0,94
48178,192,102,114,0,97
48204,197,143,125,0,96
48231,192,105,128,0,97
48258,193,109,126,0,100
48285,192,148,120,0,100
48313,191,147,116,0,99
48340,159,103,108,0,90
48366,157,102,91,0,96
48392,153,98,80,0,93
48416,147,91,67,0,95
48441,139,72,61,0,95
48465,137,76,45,0,99
48490,129,80,47,0,90
48514,131,92,50,0,92
48538,134,91,50,0,92
48563,135,91,56,0,100
48588,134,101,65,0,98
48614,174,103,73,0,99
48640,145,102,86,0,100
48666,150,102,93,0,98
48692,187,104,104,0,99
48718,181,106,110,0,103
48746,183,106,115,0,103
48774,184,105,110,0,103
48801,183,104,104,0,104
48829,169,105,91,0,103
48856,155,103,85,0,101
48882,149,102,70,0,96
48908,145,103,64,0,98
48933,146,91,56,0,97
48958,143,93,51,0,100
48984,134,103,46,0,100
49009,134,113,50,0,101
49036,134,101,50,0,101
49062,135,94,55,0,100
49088,138,93,55,0,99
49113,140,94,61,0,92
49137,184,101,77,0,96
49163,156,102,89,0,102
49189,187,117,96,0,103
49216,190,152,105,0,103
49244,184,121,108,0,104
49271,191,119,106,0,104
49299,193,119,104,0,104
49327,190,103,96,0,104
49353,190,102,92,0,103
49380,156,99,84,0,100
49406,153,44,70,0,94
49430,151,45,63,0,96
49455,149,47,60,0,101
49480,137,43,57,0,99
49504,137,52,51,0,101
49529,139,55,49,0,101
49555,138,54,54,0,101
49581,139,54,62,0,100
49606,139,29,68,0,99
49631,142,34,82,0,94
49655,173,54,92,0,81
49680,156,93,103,0,91
49706,190,101,109,0,101
49733,193,102,115,0,103
49761,197,104,117,0,103
49788,197,111,114,0,104
49816,197,106,109,0,103
49844,177,98,99,0,102
49869,158,100,91,0,101
49896,153,96,74,0,93
49921,151,83,68,0,99
49944,138,62,60,0,101
49970,135,65,51,0,99
49994,133,49,46,0,97
50019,126,81,40,0,94
50043,128,67,50,0,99
50068,131,39,53,0,100
50094,129,45,60,0,99
50118,135,26,67,0,92
50142,137,14,72,0,98
50166,131,19,87,0,99
50191,134,86,95,0,97
50216,148,140,104,0,101
50243,174,120,112,0,102
50271,175,103,117,0,103
50298,179,104,113,0,103
50326,143,151,107,0,102
50354,144,137,99,0,102
50380,141,102,84,0,89
50406,139,94,76,0,96
50431,137,37,66,0,100
50456,133,54,54,0,98
50481,131,95,50,0,95
50505,121,93,43,0,91
50529,119,58,40,0,99
50553,124,57,53,0,100
50579,126,45,55,0,100
50605,125,50,57,0,99
50629,132,41,62,0,99
50654,133,46,69,0,95
50678,132,60,82,0,95
50703,135,100,94,0,87
50728,145,107,102,0,100
50756,180,105,109,0,99
50783,177,108,114,0,98
50809,178,107,113,0,102
50837,177,109,110,0,102
50865,141,105,106,0,101
50892,141,109,99,0,91
50917,139,92,85,0,96
50942,135,87,80,0,100
50967,133,88,69,0,98
50992,155,98,62,0,95
51016,141,102,55,0,97
51042,133,102,49,0,95
51067,152,99,59,0,97
51092,158,92,58,0,91
51116,153,99,66,0,91
51140,165,83,74,0,86
51165,132,95,82,0,89
51189,135,102,93,0,97
51215,174,106,100,0,95
51242,176,108,111,0,100
51269,178,107,119,0,101
51297,178,109,120,0,96
51323,179,142,118,0,96
51350,179,150,115,0,96
51377,142,105,106,0,101
51404,141,105,97,0,99
51430,138,99,83,0,90
51455,168,55,75,0,91
51479,168,35,67,0,91
51504,166,68,60,0,75
51527,127,62,50,0,86
51552,162,81,48,0,93
51576,162,63,58,0,90
51601,163,61,63,0,78
51626,129,50,67,0,85
51650,132,57,79,0,91
51675,135,46,92,0,86
51698,138,101,99,0,98
51724,176,103,108,0,99
51750,178,108,118,0,94
51777,181,106,124,0,102
51805,181,107,120,0,102
51832,180,108,117,0,102
51860,178,105,111,0,100
51888,177,104,100,0,91
51914,139,98,85,0,92
51939,136,95,79,0,87
51963,133,81,69,0,86
51988,131,79,61,0,82
52013,163,91,56,0,85
52037,163,82,57,0,87
52062,161,81,58,0,91
52085,160,81,66,0,85
52110,158,64,69,0,72
52134,130,62,74,0,82
52159,167,67,82,0,94
52184,142,76,93,0,95
52208,175,105,99,0,99
52234,177,107,114,0,101
52261,180,106,125,0,102
52289,180,107,125,0,102
52317,183,106,120,0,102
52344,179,109,115,0,101
52372,178,106,102,0,99
52399,178,105,94,0,95
52424,175,82,77,0,94
52449,135,94,69,0,93
52472,132,91,61,0,86
52497,166,71,60,0,89
52522,166,98,40,0,81
52546,161,97,32,0,87
52571,163,99,38,0,83
52595,163,99,41,0,79
52620,164,99,47,0,77
52643,165,98,54,0,95
52668,171,101,57,0,95
52694,167,100,67,0,96
52719,178,106,74,0,90
52745,175,123,83,0,92
52770,175,119,91,0,95
52796,180,126,95,0,98
52822,180,125,94,0,97
52847,180,123,87,0,95
52873,179,121,83,0,96
52898,177,118,73,0,100
52925,175,108,65,0,100
52952,174,113,57,0,94
52976,174,100,50,0,95
53002,137,97,49,0,94
53026,134,75,49,0,96
53051,133,75,49,0,94
53076,134,72,47,0,97
53100,137,81,54,0,97
53125,137,77,54,0,98
53148,137,98,55,0,94
53173,137,102,56,0,100
53199,140,109,65,0,97
53225,142,109,70,0,96
53251,179,121,83,0,0
53275,182,122,92,0,100
53302,185,108,91,0,102
53328,184,97,86,0,102
53354,183,96,78,0,101
53380,182,104,63,0,85
53405,180,101,62,0,90
53431,179,99,56,0,75
53454,178,66,50,0,96
53479,183,74,48,0,90
53504,144,64,50,0,77
53528,174,61,46,0,74
53553,173,43,49,0,87
53577,173,25,50,0,89
53602,174,25,51,0,88
53625,174,26,53,0,75
53650,175,44,54,0,81
53675,176,70,55,0,91
53699,178,83,62,0,98
53724,179,110,63,0,98
53749,186,114,70,0,104
53776,182,93,82,0,105
53802,185,134,88,0,105
53828,184,81,87,0,105
53854,183,83,77,0,105
53879,175,88,74,0,105
53904,146,87,69,0,104
53930,144,84,55,0,104
53955,142,75,51,0,103
53981,142,48,50,0,97
54005,140,17,48,0,91
54030,138,17,40,0,88
54054,131,32,40,0,82
54079,130,26,37,0,71
54103,132,27,45,0,77
54127,135,26,53,0,88
54152,136,26,54,0,83
54176,138,85,55,0,90
54201,140,110,65,0,95
54227,144,113,76,0,98
54252,176,115,80,0,102
54279,182,127,90,0,103
54305,183,122,94,0,104
54332,183,110,91,0,104
54359,183,103,83,0,104
54385,147,112,81,0,104
54412,177,116,77,0,104
54438,142,104,61,0,100
54465,142,82,51,0,80
54489,136,56,50,0,70
54513,135,23,50,0,78
54538,134,35,43,0,1
54561,169,32,39,0,1
54585,169,35,35,0,1
54608,170,28,48,0,1
54631,171,27,53,0,1
54655,135,27,49,0,1
54678,136,95,56,0,1
54702,139,108,63,0,99
54727,141,111,72,0,99
54753,177,117,75,0,97
54778,181,140,80,0,95
54803,182,123,86,0,94
54829,182,132,78,0,86
54854,177,130,75,0,89
54880,151,107,62,0,95
54905,154,106,61,0,74
54931,151,107,50,0,104
54958,145,105,50,0,103
54984,138,84,47,0,102
55010,137,67,47,0,99
55034,168,25,43,0,97
55059,166,23,38,0,90
55083,167,23,37,0,100
55108,171,28,33,0,100
55134,172,73,38,0,103
55159,174,68,49,0,103
55185,173,63,54,0,103
55211,143,102,62,0,103
55237,180,108,62,0,103
55264,187,127,61,0,103
55290,192,108,80,0,100
55317,184,112,88,0,100
55344,184,111,82,0,102
55370,183,108,74,0,104
55397,172,110,73,0,103
55424,147,96,69,0,101
55449,157,95,66,0,102
55475,151,68,58,0,98
55499,147,51,52,0,102
55524,140,49,48,0,99
55548,139,22,47,0,98
55573,139,22,49,0,101
55599,138,22,52,0,94
55623,139,22,49,0,94
55648,140,23,50,0,95
55672,141,18,55,0,94
55697,141,94,53,0,95
55721,179,85,70,0,103
55746,177,101,73,0,100
55773,182,107,81,0,102
55799,186,111,94,0,99
55825,185,91,98,0,97
55850,188,79,100,0,98
55875,187,88,101,0,102
55902,185,90,96,0,103
55927,176,84,85,0,103
55953,178,87,78,0,100
55979,185,78,67,0,104
56004,184,71,60,0,101
56029,174,15,58,0,100
56054,172,28,50,0,101
56080,138,31,49,0,100
56106,137,35,51,0,93
56130,138,34,49,0,99
56155,139,35,55,0,100
56180,172,34,60,0,100
56206,172,90,66,0,102
56232,176,83,81,0,103
56257,181,106,84,0,103
56284,182,126,94,0,103
56310,187,131,103,0,103
56338,190,135,111,0,48
56365,191,99,110,0,98
56390,190,105,108,0,99
56417,189,105,103,0,101
56444,187,101,93,0,95
56469,175,96,87,0,102
56495,160,88,80,0,102
56520,153,24,68,0,101
56546,141,21,61,0,101
56571,138,61,56,0,99
56596,139,65,55,0,99
56621,139,65,54,0,99
56645,140,66,53,0,97
56669,141,64,57,0,98
56693,141,81,61,0,97
56718,143,101,74,0,100
56745,143,118,85,0,100
56771,178,117,92,0,103
56798,181,99,102,0,102
56824,183,117,108,0,91
56851,184,111,118,0,91
56878,187,123,116,0,91
56904,180,109,111,0,95
56931,183,105,106,0,99
56958,187,109,95,0,96
56983,177,88,92,0,97
57008,149,91,85,0,101
57033,143,66,64,0,100
57059,149,8,60,0,99
57081,139,17,58,0,96
57106,139,30,53,0,95
57131,138,31,54,0,95
57155,138,35,54,0,98
57180,137,32,55,0,98
57204,140,32,56,0,99
57229,141,63,64,0,99
57252,143,83,80,0,100
57278,145,97,88,0,99
57303,181,100,95,0,101
57329,180,106,103,0,102
57357,183,120,114,0,102
57385,186,128,122,0,103
57412,184,130,116,0,102
57440,184,129,111,0,103
57467,182,105,105,0,102
57495,179,94,94,0,101
57521,146,86,90,0,101
57546,143,77,78,0,101
57572,141,83,71,0,99
57596,139,96,65,0,99
57621,138,87,55,0,99
57646,139,105,58,0,100
57672,141,103,55,0,100
57699,141,106,62,0,100
57726,142,94,69,0,99
57750,143,118,79,0,100
57776,146,117,86,0,102
57802,179,124,92,0,103
57829,183,126,101,0,102
57858,186,125,112,0,102
57885,178,122,120,0,104
57913,185,120,116,0,103
57941,184,121,111,0,104
57968,178,116,104,0,103
57996,182,103,96,0,102
58022,177,117,90,0,102
58049,143,118,80,0,99
58075,142,114,72,0,100
58101,152,100,60,0,101
58128,139,89,55,0,100
58153,140,78,58,0,100
58178,142,80,61,0,99
58203,143,82,65,0,100
58228,143,80,72,0,101
58254,146,97,85,0,101
58280,148,100,91,0,103
58306,190,99,100,0,103
58333,191,99,110,0,104
58359,184,103,119,0,104
58387,182,106,120,0,104
58415,187,107,116,0,104
58442,190,104,110,0,104
58470,188,101,99,0,104
58497,181,98,95,0,103
58522,144,74,85,0,100
58548,150,81,73,0,99
58572,153,31,64,0,94
