2,0,0,11,0,0
17,0,0,11,0,0
35,0,0,11,0,0
51,0,0,11,0,0
69,0,0,11,0,0
85,0,0,11,0,0
102,0,0,11,0,0
120,0,0,11,0,0
156,0,0,11,0,0
174,0,0,11,0,0
192,0,0,11,0,0
210,0,0,11,0,0
246,0,0,11,0,0
263,0,0,11,0,0
282,0,0,12,0,0
299,0,0,11,0,0
318,0,0,11,0,0
335,0,0,11,0,0
353,0,0,12,0,0
371,0,0,11,0,0
407,0,0,11,0,0
424,0,0,11,0,0
442,0,0,11,0,0
460,0,0,11,0,0
478,0,0,11,0,0
496,0,0,11,0,0
514,0,0,12,0,0
532,0,0,11,0,0
567,0,0,11,0,0
586,0,0,11,0,0
603,0,0,11,0,0
622,0,0,11,0,0
639,0,0,11,0,0
657,0,0,11,0,0
675,0,0,12,0,0
693,0,0,11,0,0
711,0,0,11,0,0
729,0,0,11,0,0
747,0,0,11,0,0
765,0,0,11,0,0
782,0,0,11,0,0
801,0,0,11,0,0
818,0,0,12,0,0
837,0,0,11,0,0
854,0,0,12,0,0
873,0,0,11,0,0
890,1,0,11,0,0
908,0,0,11,0,0
926,0,0,12,0,0
944,0,0,11,0,0
980,0,0,11,0,0
997,0,0,11,0,0
1016,0,0,12,0,0
1034,0,0,11,0,0
1054,0,0,11,0,0
1072,1,0,11,0,0
1092,0,0,11,0,0
1110,0,0,11,0,0
1130,0,0,12,0,0
1148,0,0,12,0,0
1167,0,0,11,0,0
1187,1,0,11,0,0
1205,4,0,11,0,0
1225,3,0,12,0,0
1243,2,0,12,0,0
1263,3,0,12,0,0
1281,3,0,11,0,0
1301,4,0,11,0,0
1319,4,0,11,0,0
1338,5,0,11,0,0
1357,5,0,12,0,0
1376,5,0,11,0,0
1396,15,0,11,0,0
1415,14,0,11,0,0
1436,16,0,12,0,0
1455,16,0,11,0,0
1476,17,0,11,0,0
1496,19,0,11,0,0
1516,12,0,11,0,0
1556,3,0,11,0,0
1575,3,0,11,0,0
1594,2,0,12,0,0
1613,2,0,12,0,0
1632,1,0,12,0,0
1651,1,0,11,0,0
1689,2,0,11,0,0
1708,1,0,11,0,0
1727,1,0,12,0,0
1746,2,0,12,0,0
1764,1,0,10,0,0
1784,1,0,11,0,0
1822,1,0,10,0,0
1841,1,0,11,0,0
1860,1,0,12,0,0
1879,1,0,11,0,0
1898,4,0,11,0,0
1917,1,0,11,0,0
1955,1,0,11,0,0
1973,1,0,11,0,0
1993,1,0,11,0,0
2012,1,0,11,0,0
2031,2,0,10,0,0
2050,2,0,12,0,0
2069,3,0,11,0,0
2088,9,0,11,0,0
2106,13,0,10,0,0
2127,16,0,10,0,0
2146,15,0,10,0,0
2167,19,0,10,0,0
2187,17,0,10,0,0
2207,15,0,10,0,0
2227,8,0,10,0,0
2246,1,0,10,0,0
2285,1,0,10,0,0
2303,0,0,10,0,0
2323,1,0,10,0,0
2341,1,0,9,0,0
2359,1,0,10,0,0
2378,1,0,10,0,0
2397,2,0,10,0,0
2416,9,0,10,0,0
2435,9,0,10,0,0
2454,14,0,10,0,0
2474,15,0,10,0,0
2495,19,0,10,0,0
2514,17,0,13,0,0
2534,16,0,13,0,0
2554,17,0,13,0,0
2574,19,0,13,0,0
2595,22,0,13,0,0
2614,15,0,13,0,0
2635,15,0,13,0,0
2654,15,0,13,0,0
2675,14,0,13,0,0
2695,18,0,14,0,0
2715,19,0,16,0,0
2735,20,0,17,0,0
2756,18,0,17,0,0
2775,18,0,17,0,0
2796,17,0,17,0,0
2815,16,0,17,0,0
2836,15,0,17,0,0
2856,16,0,17,0,0
2875,17,0,17,0,0
2896,17,0,17,0,0
2915,18,0,17,0,0
2936,18,0,16,0,0
2956,18,0,17,0,0
2976,17,0,17,0,0
2996,15,0,17,0,0
3016,27,0,16,0,0
3036,20,0,15,0,0
3057,116,0,16,0,0
3077,120,0,17,0,0
3099,125,142,16,0,0
3122,132,142,13,0,0
3146,127,142,14,0,5
3168,129,0,8,0,12
3190,128,142,13,0,3
3213,127,142,11,0,0
3237,124,142,0,0,1
3258,121,68,11,0,3
3281,124,0,0,0,0
3301,119,0,0,0,0
3321,97,1,6,0,0
3340,92,0,12,0,0
3360,80,0,11,0,0
3380,102,0,11,0,0
3402,126,0,12,0,0
3422,133,0,11,0,0
3444,122,0,12,0,0
3465,130,0,18,0,0
3486,129,142,10,0,0
3509,129,142,13,0,0
3533,135,142,14,0,108
3558,133,150,9,0,3
3581,138,151,12,0,93
3605,137,151,5,0,93
3628,129,151,0,0,106
3653,120,143,0,0,0
3675,131,142,0,0,0
3697,115,0,0,0,0
3717,109,0,0,0,0
3738,108,0,7,0,0
3757,111,0,12,0,0
3779,113,0,15,0,0
3800,119,0,18,0,0
3821,123,141,0,0,0
3843,128,142,0,0,1
3866,135,136,0,0,5
3887,145,143,9,0,95
3911,147,151,16,0,12
3935,146,152,10,0,14
3960,141,151,0,0,13
3983,139,150,0,0,0
4005,133,151,4,0,0
4027,112,0,5,0,0
4048,115,142,7,0,0
4069,111,141,8,0,0
4092,112,141,12,0,0
4116,114,141,15,0,1
4139,117,141,4,0,0
4161,122,142,0,0,0
4183,123,142,14,0,3
4207,129,142,20,0,0
4230,132,142,40,0,13
4255,131,142,27,0,13
4278,129,150,4,0,9
4301,124,151,1,0,1
4323,122,151,0,0,0
4345,117,150,5,0,0
4367,115,141,0,0,0
4390,111,139,0,0,0
4412,114,138,7,0,0
4434,116,141,3,0,0
4457,118,142,0,0,3
4479,117,142,6,0,2
4501,119,142,0,0,4
4523,125,142,6,0,20
4547,130,152,16,0,0
4570,131,151,14,0,107
4596,125,152,2,0,108
4619,123,151,0,0,0
4642,120,151,0,0,0
4664,116,151,4,0,0
4687,112,148,2,0,0
4708,113,140,3,0,0
4731,112,140,0,0,0
4753,113,141,11,0,0
4777,115,141,11,0,0
4800,117,141,6,0,0
4822,119,143,0,0,0
4845,120,142,0,0,2
4866,160,143,0,0,83
4890,125,151,9,0,18
4913,132,152,12,0,108
4939,127,151,9,0,109
4963,124,152,1,0,2
4985,121,151,0,0,0
5007,121,151,4,0,0
5030,114,150,0,0,0
5052,116,141,3,0,0
5074,115,141,2,0,0
5097,116,140,3,0,0
5119,115,141,4,0,0
5141,118,142,0,0,2
5163,121,142,1,0,3
5186,127,142,16,0,3
5209,132,149,26,0,18
5234,133,151,15,0,104
5258,129,152,8,0,104
5283,122,151,0,0,85
5306,119,151,0,0,0
5329,112,145,0,0,0
5350,114,59,0,0,2
5372,115,139,7,0,2
5395,115,141,7,0,0
5416,118,142,0,0,3
5439,122,142,12,0,3
5462,158,142,28,0,2
5486,132,143,19,0,6
5509,133,151,19,0,8
5532,133,151,7,0,17
5555,126,151,2,0,0
5578,124,151,0,0,0
5600,122,151,0,0,0
5622,119,150,4,0,0
5644,118,151,2,0,0
5667,119,150,4,0,0
5688,119,140,7,0,0
5711,118,137,0,0,0
5733,118,149,7,0,0
5755,119,150,4,0,0
5777,122,151,0,0,2
5800,159,143,14,0,2
5824,133,148,21,0,79
5848,140,152,26,0,103
5874,139,152,13,0,108
5898,135,153,0,0,90
5922,130,151,3,0,0
5944,128,150,0,0,0
5967,126,151,4,0,0
5988,125,150,2,0,0
6011,124,33,0,0,0
6032,126,53,14,0,0
6054,126,136,7,0,0
6076,131,142,5,0,2
6099,128,142,12,0,3
6123,153,142,27,0,4
6145,133,143,28,0,3
6169,135,151,28,0,4
6192,135,151,10,0,1
6216,131,152,1,0,0
6238,128,151,0,0,0
6260,125,151,2,0,0
6282,123,150,4,0,0
6305,125,70,6,0,2
6325,126,2,7,0,0
6346,125,0,0,0,0
6365,124,1,0,0,0
6386,126,0,0,0,0
6406,125,1,8,0,0
6426,128,144,3,0,0
6448,129,151,12,0,0
6472,162,143,25,0,3
6495,135,143,6,0,4
6517,139,150,4,0,4
6539,136,151,1,0,4
6562,130,151,3,0,0
6583,126,151,0,0,0
6606,127,151,4,0,0
6628,124,71,2,0,5
6649,124,7,7,0,1
6669,126,7,14,0,1
6691,127,8,7,0,2
6710,127,7,5,0,2
6731,139,143,4,0,3
6753,131,142,1,0,2
6775,133,143,16,0,3
6798,169,142,12,0,2
6822,149,142,7,0,2
6844,150,143,13,0,78
6869,143,151,8,0,4
6891,131,151,0,0,0
6913,127,151,2,0,0
6936,121,70,0,0,3
6956,114,66,0,0,0
6978,115,0,0,0,2
6998,119,134,0,0,0
7020,116,142,7,0,0
7042,118,143,4,0,0
7065,127,142,1,0,0
7086,128,142,27,0,0
7110,172,142,31,0,1
7133,151,142,18,0,89
7158,152,142,7,0,73
7181,147,150,1,0,91
7204,139,151,1,0,85
7227,126,151,1,0,0
7250,122,142,4,0,0
7273,119,47,0,0,0
7293,121,141,0,0,0
7316,121,142,15,0,0
7339,124,142,4,0,0
7361,129,142,0,0,0
7383,132,142,16,0,0
7407,176,142,31,0,2
7430,152,142,27,0,1
7454,152,142,29,0,82
7478,146,152,2,0,114
7502,133,151,0,0,0
7524,129,151,0,0,0
7547,131,150,2,0,0
7568,122,67,0,0,0
7590,123,1,7,0,0
7610,122,141,7,0,0
7632,127,141,4,0,0
7654,139,142,13,0,0
7678,151,143,27,0,3
7702,161,142,18,0,3
7725,163,142,17,0,1
7748,159,142,8,0,105
7772,154,142,3,0,111
7797,147,151,0,0,0
7819,131,150,3,0,0
7841,110,141,0,0,0
7863,76,140,0,0,0
7885,89,0,6,0,0
7903,109,141,15,0,0
7927,133,142,3,0,0
7949,143,142,3,0,0
7972,152,142,16,0,0
7994,162,142,16,0,0
8018,139,150,14,0,0
8042,133,150,0,0,0
8064,100,0,1,0,0
8084,101,22,0,0,0
8105,108,141,12,0,0
8129,128,141,4,0,0
8150,130,142,2,0,0
8173,144,142,15,0,0
8196,191,142,19,0,2
8220,192,142,2,0,3
8241,191,151,4,0,5
8264,143,152,0,0,3
8286,128,151,0,0,0
8309,101,153,2,0,0
8330,92,147,0,0,0
8352,98,150,0,0,0
8373,102,151,0,0,0
8395,103,151,0,0,0
8417,121,152,10,0,0
8441,186,152,7,0,0
8463,186,151,6,0,0
8485,127,154,0,0,0
8507,95,154,2,0,0
8529,94,152,1,0,0
8549,95,101,3,0,0
8571,97,151,0,0,0
8592,131,152,0,0,0
8614,183,150,6,0,1
8636,188,148,11,0,0
8660,186,151,0,0,0
8683,123,151,4,0,0
8704,98,153,2,0,0
8726,95,119,0,0,0
8747,100,152,0,0,0
8770,124,151,7,0,0
8791,126,151,0,0,0
8814,136,151,13,0,0
8837,123,151,13,0,0
8861,105,153,0,0,0
8882,101,153,3,0,0
8905,99,119,0,0,0
8926,102,145,6,0,0
8948,113,143,7,0,0
8970,108,143,0,0,0
8993,109,143,13,0,0
9016,106,143,0,0,0
9038,105,149,4,0,0
9060,105,107,0,0,0
9083,131,144,7,0,0
9104,122,143,7,0,0
9127,118,146,0,0,0
9150,124,143,0,0,0
9171,114,150,0,0,0
9194,111,151,4,0,0
9216,91,142,0,0,0
9238,58,142,7,0,0
9258,113,141,7,0,0
9281,64,143,0,0,0
9302,67,143,0,0,0
9323,68,143,0,0,0
9344,61,143,11,0,0
9367,53,133,4,0,0
9387,45,141,0,0,0
9409,69,143,7,0,0
9430,65,143,7,0,0
9452,71,143,0,0,0
9472,74,143,7,0,0
9494,62,143,7,0,0
9515,54,149,9,0,0
9536,43,151,9,0,0
9557,111,148,3,0,0
9580,115,142,12,0,0
9603,115,143,13,0,0
9626,88,143,13,0,0
9648,56,142,16,0,0
9691,92,153,9,0,0
9713,118,143,4,0,0
9735,106,143,12,0,0
9759,102,144,0,0,0
9780,98,143,9,0,0
9802,86,143,11,0,0
9824,48,3,0,0,0
9843,50,151,4,0,0
9864,98,148,11,0,0
9887,105,142,6,0,0
9908,102,143,6,0,2
9931,80,143,13,0,0
9953,91,144,13,0,0
9976,85,143,13,0,0
9997,69,144,2,0,0
10019,61,143,4,0,0
10041,68,143,11,0,0
10065,72,148,11,0,0
10088,70,149,11,0,0
10111,58,142,13,0,0
10135,55,142,11,0,0
10158,62,141,11,0,0
10181,51,2,7,0,0
10201,51,0,11,0,0
10223,52,1,11,0,0
10243,60,141,12,0,0
10267,83,142,8,0,1
10289,89,142,4,0,0
10312,93,142,10,0,105
10337,124,142,7,0,0
10360,124,142,6,0,0
10383,115,143,4,0,0
10407,75,142,2,0,0
10430,48,145,2,0,0
10451,42,3,0,0,0
10472,39,141,3,0,0
10494,37,141,0,0,0
10516,38,0,6,0,0
10536,39,0,10,0,0
10558,43,0,0,0,0
10577,74,142,11,0,0
10601,112,143,3,0,0
10624,117,143,4,0,1
10648,121,149,5,0,4
10670,123,152,10,0,4
10695,121,152,0,0,1
10718,116,143,0,0,0
10742,64,143,4,0,0
10763,51,143,3,0,0
10786,49,141,3,0,0
10808,50,141,4,0,0
10831,47,132,0,0,0
10852,47,0,3,0,0
10873,47,141,0,0,0
10895,81,142,11,0,0
10918,105,143,4,0,0
10942,117,150,0,0,0
10965,121,152,2,0,0
10989,122,152,0,0,0
11012,119,156,4,0,0
11035,116,143,0,0,0
11058,58,149,2,0,0
11081,49,3,0,0,0
11100,37,132,4,0,0
11123,33,0,4,0,0
11143,31,0,7,0,0
11163,32,0,10,0,0
11184,37,142,14,0,0
11208,80,142,3,0,0
11229,106,151,8,0,0
11253,112,151,9,0,0
11276,112,151,10,0,0
11301,74,143,9,0,0
11323,49,142,5,0,0
11345,48,128,4,0,0
11368,41,20,0,0,0
11389,39,0,4,0,0
11408,37,0,12,0,0
11430,37,0,11,0,0
11451,39,0,10,0,0
11472,39,0,9,0,0
11492,41,51,9,0,0
11514,43,141,10,0,0
11536,54,142,13,0,125
11562,119,152,14,0,0
11587,125,170,17,0,0
11611,131,176,25,0,98
11637,132,160,8,0,111
11662,131,161,0,0,121
11688,181,151,8,0,119
11714,118,148,7,0,115
11739,109,143,3,0,108
11764,65,143,4,0,0
11786,59,4,4,0,0
11807,47,4,0,0,0
11826,44,0,0,0,0
11847,45,134,0,0,0
11869,47,133,7,0,0
11891,50,137,7,0,0
11913,53,141,13,0,0
11937,67,141,14,0,0
11960,119,142,7,0,0
11984,184,151,18,0,0
12008,183,175,20,0,91
12033,144,173,21,0,0
12058,176,174,9,0,2
12081,177,171,8,0,0
12105,175,167,4,0,0
12127,188,155,4,0,93
12152,122,143,7,0,0
12175,114,142,8,0,0
12199,90,151,9,0,0
12222,60,143,3,0,0
12243,53,141,0,0,0
12266,50,141,0,0,0
12288,43,0,0,0,0
12308,52,0,0,0,0
12328,55,54,0,0,0
12350,57,159,9,0,0
12371,86,158,16,0,0
12395,122,151,13,0,0
12419,189,162,19,0,0
12444,141,164,20,0,66
12469,146,174,8,0,7
12493,177,172,8,0,8
12515,183,155,5,0,73
12540,189,168,6,0,0
12564,183,151,9,0,0
12587,117,151,9,0,0
12610,74,151,9,0,0
12632,58,43,0,0,0
12654,48,135,0,0,0
12676,44,123,0,0,0
12698,40,0,0,0,0
12718,41,0,7,0,0
12738,43,63,6,0,0
12759,57,149,7,0,0
12782,85,155,10,0,0
12805,121,152,12,0,0
12830,185,160,13,0,0
12853,170,172,9,0,103
12879,141,176,27,0,18
12905,177,171,1,0,12
12929,186,172,0,0,114
12955,190,146,4,0,0
12978,119,145,0,0,0
13001,84,147,8,0,0
13023,60,146,9,0,0
13046,55,0,0,0,0
13066,39,141,0,0,0
13088,37,141,0,0,0
13110,35,141,0,0,0
13133,38,141,7,0,0
13154,41,49,7,0,0
13176,44,141,10,0,0
13199,71,146,11,0,0
13223,117,148,6,0,0
13246,181,152,14,0,0
13270,188,160,15,0,0
13295,158,163,19,0,0
13319,146,184,25,0,127
13346,180,150,10,0,93
13371,186,144,0,0,107
13397,181,143,4,0,0
13421,118,146,4,0,0
13443,115,142,9,0,0
13467,71,142,3,0,0
13489,56,141,0,0,0
13512,49,0,0,0,0
13531,46,0,4,0,0
13552,50,3,5,0,0
13571,57,141,14,0,0
13595,62,142,15,0,0
13618,67,142,16,0,0
13642,115,143,15,0,0
13666,181,152,13,0,0
13691,191,152,14,0,0
13715,147,170,29,0,128
13741,177,173,9,0,131
13767,185,170,10,0,124
13793,186,162,0,0,81
13818,185,150,4,0,0
13841,120,153,4,0,0
13865,114,154,9,0,0
13888,86,153,9,0,0
13910,59,148,0,0,0
13933,53,99,0,0,0
13953,50,143,0,0,0
13976,53,0,0,0,0
13996,55,141,3,0,0
14019,75,142,11,0,0
14041,90,146,15,0,0
14065,123,142,13,0,0
14089,186,166,18,0,1
14114,191,145,19,0,0
14138,171,180,16,0,132
14165,178,168,8,0,129
14191,177,147,0,0,117
14216,171,145,10,0,0
14240,113,143,9,0,0
14263,107,144,11,0,0
14288,63,146,9,0,0
14310,55,2,0,0,0
14330,49,141,0,0,0
14352,44,141,0,0,0
14375,43,0,0,0,0
14394,46,0,5,0,0
14415,53,141,6,0,0
14437,55,141,10,0,0
14460,80,142,15,0,1
14484,117,151,17,0,1
14508,184,160,15,0,0
14533,189,151,22,0,10
14558,141,160,17,0,11
14584,176,164,1,0,13
14608,175,148,15,0,13
14634,178,143,9,0,0
14657,169,143,10,0,0
14681,107,143,8,0,1
14705,60,142,8,0,0
14727,57,145,4,0,0
14749,48,0,0,0,0
14769,39,141,0,0,0
14792,43,141,0,0,0
14813,44,0,3,0,0
14834,50,141,6,0,0
14856,55,141,11,0,1
14880,76,141,15,0,1
14902,118,145,17,0,0
14927,185,150,13,0,1
14952,188,161,15,0,0
14976,175,158,22,0,17
15002,190,159,11,0,10
15027,187,157,1,0,5
15051,185,143,0,0,0
15073,175,143,4,0,0
15097,111,143,3,0,0
15120,107,144,8,0,0
15144,83,141,0,0,0
15167,48,140,0,0,0
15188,40,141,0,0,0
15211,38,141,0,0,0
15233,42,140,3,0,0
15255,47,141,6,0,1
15277,48,141,11,0,2
15301,79,141,11,0,2
15324,112,141,16,0,0
15349,182,151,16,0,0
15372,185,163,14,0,0
15397,172,164,22,0,15
15423,162,167,11,0,16
15448,175,162,2,0,15
15473,178,161,1,0,16
15497,155,143,7,0,0
15521,177,147,3,0,0
15543,113,143,4,0,0
15567,91,143,4,0,0
15589,71,140,2,0,0
15612,52,140,0,0,0
15633,41,141,0,0,0
15656,40,134,0,0,0
15679,45,141,5,0,0
15700,48,141,5,0,0
15723,74,143,12,0,1
15746,109,142,12,0,1
15771,119,141,14,0,0
15795,184,153,8,0,0
15819,189,152,20,0,16
15844,156,155,18,0,16
15869,171,158,10,0,15
15895,170,147,10,0,15
15920,123,143,1,0,0
15944,118,143,0,0,0
15967,113,142,4,0,1
15991,107,142,2,0,0
16013,75,142,3,0,0
16036,51,0,0,0,0
16056,45,125,0,0,0
16078,45,140,0,0,0
16100,45,136,11,0,0
16124,47,139,11,0,0
16148,52,141,5,0,1
16169,83,143,15,0,1
16193,113,141,16,0,0
16217,186,146,17,0,0
16242,188,164,13,0,0
16266,157,172,24,0,17
16292,171,167,16,0,17
16318,171,144,16,0,6
16342,143,147,1,0,114
16367,122,144,3,0,0
16390,113,142,5,0,0
16414,106,142,1,0,0
16437,64,141,0,0,0
16459,53,144,1,0,0
16481,45,143,0,0,0
16504,45,140,0,0,0
16526,47,141,5,0,0
16548,48,140,11,0,0
16571,48,146,5,0,0
16594,52,147,14,0,1
16618,89,146,15,0,0
16640,114,149,16,0,0
16665,185,173,17,0,2
16689,172,177,20,0,0
16714,159,202,21,0,18
16739,183,173,16,0,16
16765,183,152,1,0,13
16790,122,142,1,0,0
16812,115,140,6,0,0
16836,108,145,4,0,0
16859,76,143,3,0,0
16882,52,144,0,0,0
16904,45,134,0,0,0
16926,41,129,0,0,0
16948,46,140,0,0,0
16971,46,27,11,0,0
16992,47,134,11,0,0
17016,51,148,12,0,0
17039,80,149,13,0,1
17063,114,152,15,0,0
17088,185,159,18,0,0
17112,190,170,21,0,0
17136,150,196,24,0,120
17162,146,186,17,0,118
17189,183,184,17,0,91
17215,121,167,0,0,0
17238,115,142,6,0,4
17262,109,143,2,0,3
17285,80,145,1,0,1
17307,56,142,2,0,0
17329,52,142,3,0,0
17352,47,137,0,0,0
17373,45,140,0,0,0
17396,47,0,10,0,0
17417,51,0,10,0,0
17439,53,143,5,0,0
17460,56,148,14,0,1
17484,110,146,18,0,1
17508,179,147,12,0,0
17533,183,188,14,0,112
17560,171,200,20,0,132
17586,169,168,13,0,112
17613,123,164,6,0,0
17636,117,143,4,0,1
17659,109,143,7,0,0
17683,105,143,3,0,0
17706,50,141,2,0,0
17729,40,147,0,0,4
17750,42,140,7,0,3
17773,46,140,8,0,0
17795,46,140,10,0,0
17818,49,0,11,0,0
17839,82,140,12,0,0
17863,87,141,11,0,0
17886,105,144,6,0,2
17910,108,141,17,0,0
17933,179,142,7,0,4
17957,185,160,7,0,0
17980,179,153,14,0,0
18029,112,146,8,0,0
18051,108,146,4,0,0
18075,104,145,0,0,0
18098,105,145,3,0,0
18122,99,0,7,0,0
18141,100,0,7,0,0
18163,90,0,11,0,0
18184,90,54,12,0,0
18206,100,143,11,0,0
18230,103,141,9,0,0
18254,104,142,3,0,0
18277,109,96,8,0,0
18299,113,136,9,0,0
18323,178,150,8,0,0
18346,180,191,10,0,0
18371,177,164,8,0,0
18394,114,150,10,0,0
18419,111,149,5,0,0
18441,108,148,2,0,0
18465,91,147,2,0,0
18487,54,148,0,0,0
18510,52,152,0,0,0
18531,46,57,0,0,0
18553,45,40,0,0,0
18574,45,151,10,0,0
18597,66,148,10,0,0
18620,86,149,9,0,88
18644,88,148,9,0,0
18667,102,147,12,0,0
18691,112,141,7,0,0
18714,179,145,8,0,0
18737,184,163,8,0,0
18761,183,160,8,0,0
18784,178,160,8,0,1
18807,114,149,8,0,0
18830,108,147,5,0,0
18854,103,146,1,0,0
18878,53,150,2,0,0
18900,54,152,0,0,0
18922,45,62,0,0,0
18943,46,59,0,0,0
18965,45,40,0,0,0
18985,47,53,0,0,0
19007,80,147,5,0,0
19029,96,147,6,0,89
19052,96,145,11,0,100
19077,102,144,12,0,0
19102,112,142,9,0,2
19125,176,144,8,0,1
19149,183,145,8,0,2
19172,183,151,8,0,2
19195,180,151,8,0,1
19219,114,142,7,0,0
19242,110,148,4,0,0
19266,101,147,2,0,0
19288,87,153,2,0,0
19311,54,153,2,0,0
19333,48,152,0,0,0
19356,47,26,0,0,0
19376,46,1,0,0,0
19397,47,1,0,0,0
19416,48,150,11,0,0
19440,89,151,11,0,99
19464,95,147,11,0,103
19490,95,148,10,0,103
19515,110,148,9,0,0
19539,115,149,9,0,1
19562,180,168,9,0,1
19585,183,189,8,0,0
19609,181,164,9,0,2
19632,174,154,8,0,0
19656,110,152,7,0,0
19678,106,150,3,0,0
19702,88,146,2,0,0
19724,53,147,2,0,0
19747,53,131,0,0,0
19768,49,136,0,0,0
19791,48,21,0,0,0
19812,50,144,0,0,0
19834,50,148,5,0,0
19856,52,147,9,0,0
19879,85,147,11,0,0
19903,85,145,9,0,106
19927,90,145,10,0,105
19952,110,146,8,0,80
19976,174,183,9,0,92
20001,182,200,11,0,100
20027,180,174,9,0,104
20053,116,180,8,0,105
20079,108,174,7,0,98
20103,103,149,3,0,0
20126,54,147,2,0,0
20148,52,147,4,0,0
20171,52,145,0,0,0
20193,43,30,0,0,0
20214,45,5,0,0,0
20234,46,4,0,0,0
20254,47,142,0,0,0
20276,48,146,8,0,0
20299,50,145,11,0,0
20322,81,146,14,0,105
20348,77,144,12,0,104
20374,107,143,7,0,0
20396,170,183,9,0,1
20420,179,187,9,0,2
20443,184,181,18,0,124
20470,182,181,11,0,119
20496,178,161,8,0,111
20522,111,144,8,0,65
20547,98,141,4,0,0
20568,86,147,2,0,0
20591,66,146,2,0,0
20613,82,146,0,0,0
20635,69,144,0,0,0
20657,45,4,0,0,0
20678,47,4,0,0,0
20697,55,5,7,0,0
20718,72,142,11,0,0
20741,85,144,11,0,0
20765,83,144,14,0,104
20790,90,145,11,0,116
20815,107,143,14,0,1
20840,114,144,8,0,2
20863,177,178,8,0,3
20887,178,158,8,0,98
20911,174,165,8,0,99
20936,113,144,7,0,120
20960,103,145,1,0,0
20984,88,143,2,0,0
21006,85,144,2,0,0
21029,76,146,0,0,0
21050,49,3,0,0,0
21071,63,5,0,0,0
21090,58,5,0,0,0
21111,69,5,0,0,0
21131,71,6,7,0,0
21151,66,5,11,0,0
21172,68,142,5,0,92
21196,86,141,10,0,121
21221,90,142,11,0,108
21247,100,142,12,0,115
21274,158,163,8,0,126
21298,179,180,8,0,127
21324,175,165,8,0,131
21349,171,164,8,0,130
21375,107,158,6,0,132
21401,104,141,6,0,117
21426,92,145,2,0,0
21449,74,144,3,0,0
21470,75,3,0,0,0
21491,56,132,0,0,0
21513,57,139,0,0,0
21535,57,137,0,0,0
21557,61,133,0,0,0
21580,72,138,11,0,0
21603,74,139,5,0,123
21628,87,141,8,0,128
21652,91,141,11,0,112
21677,99,141,8,0,124
21702,110,143,8,0,125
21727,173,194,8,0,125
21753,170,167,8,0,132
21779,107,169,6,0,127
21804,105,189,6,0,90
21829,92,145,7,0,0
21850,71,148,2,0,0
21873,40,149,0,0,0
21895,36,147,0,0,0
21917,33,140,0,0,0
21939,33,139,0,0,0
21962,32,139,0,0,0
21984,35,139,11,0,0
22007,36,132,10,0,0
22030,39,132,14,0,107
22056,65,143,6,0,124
22081,82,142,14,0,109
22106,96,141,12,0,72
22131,107,152,8,0,100
22156,170,159,8,0,95
22180,171,158,8,0,97
22204,110,164,8,0,94
22229,106,145,8,0,84
22254,100,198,10,0,0
22278,87,146,2,0,0
22301,47,152,0,0,0
22322,37,28,0,0,0
22344,36,5,0,0,0
22364,35,139,0,0,0
22386,36,139,0,0,0
22408,38,139,11,0,0
22432,62,5,11,0,0
22452,77,6,14,0,93
22475,80,144,5,0,91
22498,58,145,11,0,113
22524,89,142,12,0,81
22549,101,142,7,0,0
22571,106,164,8,0,2
22595,110,155,8,0,3
22618,110,158,8,0,0
22642,106,145,11,0,0
22666,97,145,3,0,0
22688,73,150,2,0,0
22710,40,147,0,0,0
22733,18,28,0,0,0
22754,17,145,0,0,0
22776,34,141,0,0,0
22798,34,6,0,0,0
22818,36,6,11,0,0
22839,36,6,11,0,0
22861,38,142,14,0,70
22885,63,143,6,0,105
22910,79,144,15,0,119
22936,85,142,12,0,81
22959,103,174,8,0,0
22983,108,189,8,0,71
23007,110,196,8,0,87
23032,109,188,8,0,92
23056,106,187,12,0,1
23080,105,168,5,0,0
23104,97,148,3,0,0
23126,58,146,2,0,0
23149,52,146,0,0,0
23170,19,145,0,0,0
23193,35,31,0,0,0
23214,35,4,0,0,0
23234,35,5,0,0,0
23254,37,5,11,0,0
23276,38,145,14,0,0
23298,63,143,9,0,104
23323,77,143,14,0,106
23348,97,144,12,0,120
23374,106,165,11,0,74
23400,111,175,8,0,77
23424,112,198,12,0,81
23450,110,193,11,0,107
23476,109,194,13,0,105
23503,104,166,4,0,0
23526,91,148,3,0,0
23548,57,147,3,0,0
23571,41,146,0,0,0
23593,36,145,0,0,0
23615,35,177,0,0,0
23637,35,168,0,0,0
23660,70,152,11,0,0
23683,74,150,14,0,0
23706,68,211,9,0,104
23730,80,212,15,0,106
23756,94,213,12,0,117
23781,105,223,11,0,0
23806,109,196,14,0,0
23831,108,194,12,0,0
23855,107,170,13,0,3
23880,106,168,13,0,0
23903,104,144,4,0,0
23927,93,148,3,0,0
23949,64,146,3,0,0
23972,39,145,0,0,0
23993,17,32,0,0,0
24015,16,6,0,0,0
24035,20,8,0,0,0
24055,22,7,7,0,0
24075,36,9,11,0,0
24097,58,143,12,0,0
24119,63,146,9,0,0
24142,76,146,17,0,63
24166,97,152,10,0,106
24192,105,147,13,0,0
24217,106,164,14,0,2
24241,109,174,13,0,3
24265,109,184,8,0,3
24288,105,163,13,0,4
24313,105,163,12,0,2
24337,104,149,3,0,1
24361,102,143,1,0,0
24385,74,149,2,0,0
24406,78,149,0,0,0
24429,54,130,0,0,0
24451,53,5,0,0,0
24471,52,35,0,0,0
24492,50,35,0,0,0
24514,51,35,12,0,0
24535,54,25,11,0,0
24558,57,8,12,0,0
24579,84,141,12,0,0
24603,86,142,8,0,103
24626,95,143,17,0,106
24652,100,144,12,0,91
24677,106,148,12,0,0
24702,105,164,13,0,1
24727,106,184,12,0,4
24751,102,179,13,0,0
24776,105,169,12,0,0
24800,104,151,12,0,0
24824,102,143,2,0,0
24847,78,142,4,0,0
24870,76,143,0,0,0
24892,85,47,0,0,0
24913,83,36,0,0,0
24934,88,145,7,0,0
24957,92,35,11,0,0
24979,91,36,11,0,0
25001,81,7,11,0,106
25025,74,142,13,0,106
25050,89,142,12,0,93
25075,101,164,18,0,13
25100,172,192,8,0,10
25125,147,205,20,0,137
25152,145,212,15,0,142
25177,133,216,6,0,141
25203,137,218,5,0,131
25228,135,200,4,0,113
25254,115,176,5,0,88
25279,100,172,1,0,0
25302,91,173,2,0,1
25325,88,145,2,0,0
25346,87,142,1,0,0
25369,93,144,0,0,0
25391,89,115,0,0,0
25413,80,3,4,0,0
25433,83,4,10,0,1
25455,84,144,11,0,0
25477,85,142,5,0,0
25500,80,141,14,0,0
25523,91,142,14,0,1
25547,96,143,14,0,2
25569,164,197,8,0,6
25593,182,180,14,0,115
25620,163,214,19,0,11
25645,151,237,16,0,4
25670,134,211,17,0,0
25694,126,207,10,0,0
25719,119,193,4,0,7
25742,95,173,2,0,7
25764,76,146,0,0,8
25786,83,144,2,0,7
25809,75,144,0,0,0
25830,76,142,0,0,0
25853,76,32,0,0,0
25875,75,145,0,0,0
25897,78,34,11,0,1
25919,81,146,6,0,0
25941,78,144,7,0,0
25964,83,143,14,0,4
25987,96,160,14,0,6
26010,169,122,8,0,9
26033,183,183,21,0,98
26059,167,216,21,0,126
26085,158,216,13,0,7
26110,134,216,13,0,3
26135,123,210,6,0,0
26157,116,197,4,0,7
26181,90,174,0,0,7
26203,85,161,2,0,8
26226,82,145,4,0,7
26247,80,144,5,0,0
26270,78,31,0,0,0
26291,69,136,0,0,0
26313,70,31,6,0,0
26334,74,31,10,0,0
26357,83,144,6,0,0
26379,81,143,7,0,6
26401,86,146,12,0,8
26424,94,143,17,0,7
26448,166,170,9,0,9
26472,180,180,22,0,108
26498,164,213,20,0,12
26524,132,213,16,0,6
26548,124,211,12,0,99
26573,119,208,1,0,3
26596,111,167,0,0,8
26620,87,163,2,0,8
26643,91,146,1,0,8
26664,67,146,0,0,6
26687,71,69,0,0,0
26708,65,34,0,0,0
26729,66,148,0,0,0
26751,65,32,6,0,0
26773,76,32,11,0,0
26794,78,29,6,0,6
26816,76,144,6,0,6
26838,83,150,11,0,8
26862,88,160,18,0,7
26884,104,177,8,0,8
26908,172,192,17,0,116
26934,153,213,19,0,7
26959,126,216,17,0,99
26985,124,217,17,0,116
27011,119,213,8,0,7
27035,114,193,1,0,85
27059,100,158,0,0,8
27082,94,145,2,0,8
27104,95,148,0,0,4
27127,89,145,0,0,0
27149,58,133,0,0,0
27171,65,140,0,0,0
27193,67,140,6,0,0
27216,69,138,12,0,0
27240,84,142,10,0,0
27262,91,143,5,0,1
27285,88,146,11,0,2
27308,98,147,16,0,7
27332,98,143,7,0,6
27353,178,166,14,0,117
27380,153,181,22,0,129
27406,144,217,22,0,139
27433,126,216,11,0,140
27460,124,212,7,0,123
27485,116,179,1,0,62
27510,110,164,0,0,8
27533,93,164,2,0,9
27555,91,144,2,0,8
27577,89,148,0,0,0
27600,83,31,0,0,0
27621,60,31,0,0,0
27642,65,32,6,0,0
27663,66,32,11,0,0
27686,83,150,10,0,0
27708,93,146,5,0,0
27731,93,146,12,0,4
27755,98,144,16,0,2
27778,103,162,8,0,6
27801,180,176,14,0,0
27825,187,203,22,0,105
27852,184,186,21,0,116
27878,127,209,14,0,112
27905,123,202,10,0,0
27930,117,203,3,0,67
27954,104,165,3,0,0
27978,98,164,2,0,8
27999,91,143,2,0,7
28022,90,148,0,0,0
28044,87,134,0,0,0
28067,87,30,0,0,0
28087,90,31,6,0,0
28109,86,31,12,0,0
28131,91,145,5,0,0
28153,92,143,5,0,0
28175,88,149,15,0,9
28199,97,151,17,0,9
28223,107,176,8,0,8
28246,178,181,12,0,120
28273,153,213,25,0,120
28299,125,216,19,0,112
28325,125,215,13,0,108
28352,119,212,10,0,2
28376,112,173,0,0,8
28400,97,166,2,0,6
28422,97,146,1,0,8
28445,92,144,0,0,1
28466,87,150,0,0,0
28489,85,158,0,0,0
28511,75,141,0,0,0
28533,74,32,0,0,0
28554,87,31,11,0,0
28577,86,66,9,0,0
28597,91,156,6,0,0
28620,91,150,10,0,4
28643,97,150,16,0,9
28667,104,159,8,0,9
28691,176,185,17,0,110
28717,185,199,21,0,108
28744,153,218,28,0,131
28770,173,218,22,0,122
28796,123,218,11,0,117
28823,116,208,3,0,77
28847,107,168,0,0,6
28871,98,166,1,0,8
28893,96,146,2,0,8
28915,86,151,5,0,0
28937,88,65,0,0,0
28959,68,60,0,0,0
28979,66,4,7,0,0
29000,85,5,11,0,0
29021,87,5,12,0,105
29045,88,157,11,0,107
29070,92,141,12,0,0
29093,96,145,18,0,8
29116,105,169,8,0,9
29140,175,192,17,0,125
29167,158,214,27,0,137
29193,148,218,26,0,131
29220,125,212,18,0,117
29247,121,210,14,0,100
29273,115,243,3,0,8
29297,109,183,0,0,7
29319,96,165,2,0,8
29342,94,148,3,0,8
29364,87,151,5,0,0
29386,88,85,0,0,0
29407,71,67,0,0,0
29429,54,80,7,0,0
29449,49,139,11,0,0
29473,61,140,11,0,0
29496,69,23,11,0,0
29519,75,86,11,0,109
29544,87,161,12,0,108
29569,90,141,7,0,111
29593,93,141,17,0,0
29616,99,145,17,0,6
29640,105,120,8,0,8
29663,107,155,8,0,9
29687,107,154,8,0,8
29709,106,158,8,0,8
29733,106,151,6,0,8
29756,103,143,3,0,7
29780,96,5,1,0,6
29800,89,5,0,0,0
29820,72,139,0,0,0
29841,72,21,0,0,0
29863,70,4,6,0,0
29883,69,3,6,0,0
29903,71,4,11,0,0
29924,74,23,11,0,0
29947,76,24,14,0,117
29972,72,23,11,0,117
29996,84,146,12,0,0
30019,90,143,11,0,1
30042,97,143,16,0,4
30066,106,144,7,0,8
30089,114,151,7,0,9
30112,116,162,8,0,8
30135,176,171,14,0,8
30160,119,174,14,0,8
30185,117,159,6,0,8
30208,114,161,6,0,8
30232,105,147,0,0,6
30254,99,121,2,0,5
30277,78,116,2,0,0
30299,78,123,0,0,0
30321,80,115,0,0,0
30343,73,100,0,0,0
30366,73,112,11,0,0
30389,85,3,11,0,0
30410,86,4,15,0,0
30431,83,145,6,0,106
30456,74,142,14,0,0
30479,93,141,12,0,3
30502,112,14,8,0,9
30524,116,152,9,0,8
30548,175,169,17,0,12
30574,118,165,16,0,90
30599,115,157,6,0,81
30624,104,159,3,0,3
30646,89,143,3,0,5
30669,74,141,3,0,0
30691,65,27,6,0,0
30712,65,27,0,0,0
30733,63,14,7,0,0
30755,62,0,12,0,0
30775,63,1,11,0,0
30797,61,3,11,0,0
30818,65,2,11,0,0
30839,70,24,12,0,0
30861,75,2,12,0,106
30885,86,4,12,0,0
30906,109,29,8,0,10
30929,117,163,8,0,9
30953,178,190,17,0,129
30979,117,177,11,0,108
31006,115,160,5,0,106
31031,109,164,7,0,6
31055,97,7,3,0,8
31074,88,144,2,0,8
31097,83,145,2,0,0
31119,71,83,0,0,0
31140,54,15,0,0,0
31161,46,16,0,0,0
31183,50,141,11,0,0
31206,59,13,11,0,0
31228,65,4,11,0,0
31249,73,24,11,0,0
31272,73,82,11,0,0
31295,80,152,9,0,0
31316,88,141,11,0,107
31342,91,141,14,0,0
31365,91,142,12,0,8
31389,102,153,6,0,8
31411,110,147,9,0,8
31435,112,153,0,0,3
31458,107,165,6,0,7
31482,99,143,1,0,8
31504,90,150,2,0,8
31526,87,151,2,0,0
31548,85,88,0,0,0
31570,64,152,0,0,0
31592,50,145,0,0,0
31614,54,141,6,0,0
31637,57,92,11,0,0
31659,61,91,11,0,0
31681,73,89,12,0,0
31703,74,153,13,0,0
31727,89,141,13,0,105
31752,91,141,13,0,0
31776,101,142,10,0,8
31799,110,154,6,0,9
31823,109,151,8,0,8
31846,104,152,3,0,7
31870,102,138,3,0,7
31893,96,133,2,0,7
31915,90,119,3,0,8
31938,84,85,5,0,0
31959,57,0,0,0,0
31979,58,110,0,0,0
32001,54,117,11,0,0
32025,56,118,11,0,0
32047,55,122,12,0,0
32071,58,124,12,0,0
32094,58,121,11,0,0
32118,74,142,13,0,0
32141,88,141,8,0,104
32165,91,142,14,0,0
32188,98,143,12,0,8
32212,104,142,7,0,8
32236,102,149,5,0,8
32259,100,141,2,0,7
32282,96,141,2,0,8
32304,89,141,2,0,4
32327,87,140,2,0,5
32348,85,149,6,0,0
32371,87,75,5,0,0
32392,69,1,6,0,0
32412,60,17,11,0,0
32434,63,17,12,0,0
32457,68,18,11,0,0
32479,69,18,11,0,0
32501,71,87,12,0,0
32523,86,83,14,0,0
32546,89,152,14,0,0
32569,90,143,15,0,104
32595,98,140,11,0,0
32618,107,143,7,0,8
32641,114,151,9,0,8
32665,113,153,10,0,8
32689,112,155,12,0,7
32714,110,153,4,0,2
32736,107,140,4,0,0
32760,105,143,3,0,0
32783,82,28,2,0,0
32805,71,80,3,0,0
32825,66,0,0,0,0
32846,69,14,10,0,0
32868,64,4,11,0,0
32889,65,4,11,0,0
32910,68,4,11,0,0
32932,69,82,14,0,0
32953,94,140,15,0,0
32977,99,140,12,0,0
33001,110,141,16,0,0
33025,173,158,20,0,0
33050,187,157,26,0,0
33074,185,160,27,0,0
33098,187,140,28,0,0
33122,183,140,23,0,0
33147,175,140,17,0,0
33172,112,141,14,0,0
33196,109,141,3,0,0
33220,105,151,3,0,0
33243,101,80,11,0,0
33266,101,17,17,0,0
33289,96,0,16,0,0
33311,95,0,17,0,0
33331,91,0,15,0,0
33353,96,0,17,0,0
33374,102,0,14,0,0
33396,106,1,14,0,0
33418,107,127,5,0,107
33444,114,1,11,0,1
33466,116,34,6,0,4
33489,117,81,6,0,5
33510,116,66,1,0,0
33533,115,49,5,0,0
33556,117,1,6,0,0
33576,113,1,3,0,0
33598,110,4,3,0,0
33619,109,3,3,0,0
33640,107,3,4,0,0
33661,105,0,11,0,0
33684,100,0,15,0,0
33705,98,0,15,0,0
33727,98,0,14,0,0
33748,97,0,14,0,0
33769,100,0,14,0,0
33791,97,0,15,0,0
33813,103,0,11,0,0
33835,107,1,15,0,124
33859,112,1,11,0,103
33883,116,1,13,0,3
33906,187,165,13,0,12
33931,182,171,15,0,11
33957,172,175,37,0,130
33984,204,192,32,0,131
34010,202,184,22,0,129
34037,203,153,16,0,131
34063,200,152,7,0,0
34086,187,36,9,0,0
34108,117,1,8,0,0
34130,110,1,7,0,1
34150,109,137,3,0,4
34174,106,134,0,0,3
34198,103,0,0,0,2
34219,101,0,0,0,0
34240,104,0,7,0,1
34261,105,0,11,0,2
34284,107,0,9,0,4
34304,110,1,9,0,108
34328,112,1,7,0,5
34349,114,1,8,0,2
34370,182,141,7,0,5
34393,188,143,14,0,11
34419,189,173,22,0,110
34445,157,178,43,0,113
34472,180,181,33,0,96
34498,184,186,31,0,17
34523,174,179,23,0,127
34550,193,158,6,0,1
34573,185,144,4,0,9
34596,115,54,4,0,0
34618,109,1,3,0,4
34640,107,1,4,0,4
34660,104,1,0,0,4
34682,103,0,6,0,4
34703,99,0,11,0,3
34724,103,0,11,0,2
34746,107,0,11,0,3
34769,109,0,9,0,5
34789,112,1,6,0,5
34811,115,1,7,0,5
34832,116,1,15,0,9
34855,188,142,21,0,11
34880,200,174,26,0,0
34904,178,172,46,0,135
34931,190,173,33,0,19
34956,197,187,31,0,125
34983,187,186,17,0,131
35010,186,174,0,0,5
35033,124,155,2,0,9
35057,112,0,2,0,1
35077,111,138,0,0,0
35101,107,0,0,0,0
35122,107,0,0,0,2
35143,105,0,0,0,3
35164,104,0,7,0,3
35186,106,0,8,0,3
35206,107,0,9,0,3
35228,109,139,10,0,6
35252,111,139,6,0,5
35276,115,1,7,0,6
35296,115,2,10,0,1
35319,185,140,10,0,8
35343,184,167,21,0,0
35368,185,170,45,0,130
35395,206,180,41,0,129
35421,210,183,36,0,18
35447,206,181,36,0,19
35472,187,180,26,0,120
35499,187,172,12,0,0
35523,190,15,8,0,0
35545,114,1,8,0,7
35567,111,139,3,0,0
35590,109,136,2,0,0
35613,106,135,0,0,2
35636,103,0,7,0,0
35658,103,0,9,0,0
35678,106,0,12,0,2
35701,107,140,11,0,2
35725,111,139,12,0,3
35750,114,1,9,0,0
35771,116,1,8,0,2
35792,166,146,15,0,0
35817,188,157,20,0,0
35841,192,183,36,0,0
35866,203,188,44,0,133
35892,191,187,36,0,125
35919,192,185,38,0,120
35946,185,181,16,0,119
35972,127,176,0,0,0
35996,136,143,3,0,0
36018,115,3,2,0,0
36040,111,0,0,0,0
36061,109,137,2,0,3
36084,107,0,0,0,4
36105,107,0,0,0,3
36127,106,0,6,0,2
36147,107,0,9,0,3
36169,109,0,9,0,4
36190,111,0,10,0,6
36212,113,0,9,0,4
36233,114,139,7,0,1
36257,117,140,7,0,2
36280,183,139,18,0,5
36305,194,158,27,0,107
36332,198,175,45,0,137
36357,201,173,37,0,140
36384,200,188,34,0,136
36410,200,186,24,0,125
36437,198,178,8,0,0
36461,186,166,2,0,0
36484,127,147,2,0,0
36508,121,38,0,0,0
36529,131,6,0,0,0
36551,125,1,2,0,3
36572,108,0,0,0,4
36593,107,0,6,0,3
36614,108,0,6,0,3
36636,110,0,9,0,3
36656,112,161,7,0,6
36680,114,158,6,0,1
36703,115,156,2,0,0
36727,162,144,15,0,2
36751,182,148,23,0,6
36775,192,164,35,0,0
36800,203,174,43,0,137
36826,211,188,36,0,134
36853,211,189,34,0,133
36879,206,184,20,0,132
36906,199,190,15,0,0
36931,182,169,0,0,1
36954,141,148,3,0,0
36978,141,38,0,0,0
36999,139,0,0,0,0
37021,134,132,2,0,3
37044,108,0,0,0,3
37065,106,0,0,0,2
37086,108,0,6,0,2
37108,109,0,9,0,4
37128,111,0,9,0,2
37150,112,0,9,0,5
37171,117,140,5,0,1
37194,122,141,5,0,0
37217,183,151,13,0,4
37242,183,159,20,0,5
37267,195,167,36,0,0
37291,200,170,43,0,133
37318,198,175,39,0,105
37344,194,183,37,0,12
37370,192,184,28,0,0
37395,191,173,18,0,1
37418,196,163,0,0,0
37442,141,143,3,0,0
37465,141,1,0,0,0
37487,138,14,2,0,0
37508,135,23,0,0,0
37531,106,0,0,0,0
37552,106,0,5,0,0
37573,107,20,9,0,1
37595,108,24,9,0,3
37618,111,138,9,0,1
37641,131,141,6,0,1
37664,139,16,8,0,2
37686,161,148,7,0,0
37710,188,166,13,0,8
37734,197,166,18,0,0
37759,199,190,39,0,132
37786,196,190,30,0,124
37812,199,192,26,0,118
37839,194,193,16,0,119
37866,189,181,8,0,115
37890,118,182,0,0,0
37914,131,155,0,0,0
37937,141,135,0,0,0
37961,135,140,0,0,0
37984,108,23,0,0,0
38006,106,25,0,0,0
38028,105,23,4,0,0
38051,105,26,9,0,0
38072,107,32,9,0,0
38095,109,144,9,0,0
38118,126,147,9,0,0
38142,127,146,7,0,0
38165,138,152,7,0,0
38188,187,166,14,0,0
38213,195,154,34,0,1
38237,197,173,40,0,130
38264,196,187,37,0,118
38291,201,191,26,0,109
38317,199,189,15,0,113
38344,163,172,8,0,90
38368,116,162,0,0,0
38392,138,144,0,0,0
38414,133,139,0,0,0
38438,105,156,0,0,0
38462,93,138,3,0,0
38484,90,139,6,0,0
38506,88,0,6,0,0
38526,89,0,7,0,0
38545,98,0,14,0,0
38567,100,0,15,0,0
38590,103,0,9,0,0
38611,109,140,11,0,0
38635,114,140,0,0,120
38660,125,140,0,0,117
38686,116,153,7,0,1
38709,176,145,20,0,2
38734,187,158,18,0,123
38761,174,156,19,0,104
38787,131,155,16,0,0
38812,121,153,10,0,0
38836,118,141,0,0,0
38859,110,141,2,0,0
38882,105,160,3,0,0
38906,95,145,4,0,0
38928,95,138,4,0,0
38950,94,141,13,0,0
38974,94,146,15,0,0
38997,94,144,17,0,0
39021,95,0,14,0,0
39041,96,0,15,0,0
39063,107,139,10,0,0
39087,113,140,6,0,105
39113,116,139,11,0,1
39137,186,139,19,0,5
39162,196,140,31,0,5
39185,197,140,31,0,1
39210,184,151,17,0,0
39235,126,152,17,0,0
39259,119,135,10,0,0
39284,98,133,3,0,0
39346,95,4,15,0,0
39367,95,1,16,0,0
39388,94,3,15,0,0
39410,95,3,15,0,0
39430,95,4,11,0,0
39452,97,6,10,0,0
39473,107,138,7,0,0
39497,107,139,0,0,97
39521,112,153,15,0,0
39545,115,159,17,0,0
39569,126,161,17,0,0
39594,123,156,3,0,0
39618,120,155,6,0,0
39641,118,150,10,0,0
39666,107,140,3,0,0
39688,99,140,3,0,0
39711,117,4,2,0,0
39732,116,5,2,0,0
39753,97,5,2,0,0
39773,96,3,4,0,0
39793,95,3,4,0,0
39813,95,3,15,0,0
39835,95,3,15,0,0
39855,95,3,14,0,0
39877,96,2,9,0,0
39897,110,34,10,0,0
39920,110,41,10,0,0
39943,111,140,13,0,0
39968,124,159,18,0,1
39992,167,161,15,0,2
40017,167,162,15,0,0
40042,123,162,14,0,0
40066,119,160,15,0,0
40091,115,156,4,0,0
40113,107,140,3,0,0
40137,118,139,1,0,0
40160,107,4,3,0,0
40181,94,4,4,0,0
40201,93,4,4,0,0
40222,92,2,4,0,0
40241,91,2,4,0,0
40262,88,11,0,0,0
40282,89,7,0,0,0
40303,90,3,2,0,0
40323,93,2,6,0,0
40343,105,4,10,0,0
40365,96,138,9,0,5
40388,105,136,0,0,70
40412,125,159,4,0,2
40435,133,164,7,0,2
40458,128,165,7,0,2
40482,126,162,7,0,0
40505,116,159,2,0,0
40528,115,142,3,0,0
40552,106,141,2,0,0
40575,116,139,4,0,0
40599,93,139,4,0,0
40620,93,138,3,0,0
40643,91,139,4,0,0
40665,88,2,6,0,0
40685,90,3,7,0,0
40705,93,3,8,0,0
40726,94,3,14,0,0
40746,96,137,6,0,0
40769,98,138,10,0,11
40793,101,139,1,0,107
40819,121,158,9,0,1
40842,121,183,9,0,109
40867,121,174,5,0,0
40890,117,169,1,0,0
40914,115,144,0,0,0
40938,116,142,1,0,0
40961,97,140,5,0,0
40983,96,139,4,0,0
41005,94,139,4,0,0
41028,93,140,4,0,0
41049,92,143,5,0,0
41072,92,140,4,0,0
41094,92,141,2,0,0
41117,92,137,8,0,0
41138,94,140,10,0,0
41162,94,125,11,0,0
41185,96,138,5,0,0
41208,98,140,10,0,12
41232,113,141,6,0,106
41257,163,150,20,0,3
41282,188,165,16,0,4
41306,175,176,12,0,0
41331,128,178,10,0,0
41355,125,168,4,0,0
41379,118,154,0,0,0
41401,120,142,0,0,0
41425,98,141,3,0,0
41448,96,138,4,0,0
41470,94,139,4,0,0
41492,93,139,4,0,0
41514,90,10,7,0,0
41536,86,139,13,0,0
41559,83,140,12,0,0
41582,83,139,12,0,0
41605,85,139,13,0,0
41629,90,138,9,0,0
41651,96,14,10,0,0
41673,97,130,11,0,119
41698,113,142,3,0,2
41722,123,167,17,0,2
41747,173,168,16,0,5
41771,123,173,8,0,1
41795,121,169,6,0,0
41817,118,162,0,0,0
41841,117,142,0,0,0
41864,98,141,3,0,0
41887,92,139,3,0,0
41908,93,41,4,0,0
41930,84,35,0,0,0
41951,80,154,0,0,0
41973,79,137,0,0,0
41995,78,0,7,0,0
42016,79,0,6,0,0
42035,87,2,7,0,0
42056,82,0,6,0,0
42075,103,3,15,0,0
42098,101,0,6,0,107
42121,96,2,5,0,2
42142,111,152,7,0,2
42164,115,155,15,0,1
42189,115,156,9,0,0
42212,116,156,5,0,1
42236,114,154,4,0,0
42260,107,140,0,0,0
42282,105,139,3,0,0
42306,106,4,5,0,0
42327,101,4,10,0,0
42349,100,4,9,0,0
42370,93,2,8,0,0
42391,88,4,7,0,0
42410,85,2,7,0,0
42431,85,138,7,0,0
42453,86,1,7,0,0
42473,86,0,7,0,0
42493,85,1,9,0,0
42512,91,0,15,0,0
42534,101,1,11,0,0
42556,93,3,3,0,105
42578,96,2,5,0,1
42598,106,66,19,0,2
42622,114,76,17,0,1
42646,115,150,18,0,1
42670,115,153,14,0,0
42694,115,147,7,0,0
42717,111,0,0,0,0
42739,103,0,0,0,0
42759,101,1,5,0,0
42781,97,3,4,0,0
42801,95,2,4,0,0
42821,93,0,7,0,0
42841,83,145,12,0,0
42865,81,0,12,0,0
42885,81,0,11,0,0
42907,85,0,11,0,0
42928,86,9,11,0,0
42949,89,0,12,0,0
42970,91,0,4,0,15
42992,94,0,17,0,126
43015,109,134,18,0,1
43039,176,169,13,0,4
43063,209,172,24,0,136
43090,200,174,16,0,133
43117,198,172,13,0,130
43143,197,197,13,0,127
43170,131,162,0,0,118
43195,124,55,0,0,1
43218,122,55,3,0,0
43240,115,0,3,0,1
43261,118,0,4,0,0
43283,101,116,5,0,2
43306,102,0,4,0,1
43327,100,0,5,0,0
43348,101,0,12,0,2
43371,100,0,3,0,107
43393,105,0,11,0,109
43418,108,139,11,0,106
43444,118,157,13,0,1
43469,172,154,8,0,106
43494,196,184,21,0,59
43520,208,174,34,0,136
43547,199,186,18,0,133
43573,199,194,15,0,133
43600,171,183,9,0,122
43626,131,161,0,0,121
43651,121,72,2,0,1
43673,111,3,2,0,0
43694,116,0,2,0,1
43716,110,0,0,0,0
43736,99,0,4,0,1
43757,98,0,1,0,0
43776,97,0,9,0,0
43797,99,0,14,0,0
43818,100,0,11,0,3
43840,106,0,4,0,2
43861,116,0,11,0,96
43885,114,58,9,0,1
43907,127,41,8,0,1
43929,184,156,8,0,5
43952,197,174,21,0,64
43978,201,187,35,0,135
44004,197,188,30,0,132
44031,195,183,20,0,130
44058,135,172,6,0,0
44081,135,63,0,0,1
44103,124,128,0,0,0
44126,123,0,2,0,1
44148,117,0,3,0,0
44168,102,0,3,0,3
44190,110,0,4,0,2
44211,98,0,7,0,0
44231,98,0,9,0,2
44251,99,0,16,0,3
44273,110,0,11,0,1
44294,107,0,10,0,5
44317,123,0,10,0,3
44339,131,4,12,0,5
44361,132,126,7,0,3
44384,195,162,15,0,3
44409,202,167,33,0,99
44435,204,174,31,0,132
44461,198,169,31,0,134
44488,195,154,24,0,113
44514,176,156,11,0,0
44539,125,84,0,0,0
44561,130,2,0,0,0
44582,111,0,2,0,0
44603,111,0,2,0,3
44625,117,0,0,0,2
44645,98,0,5,0,3
44666,98,0,10,0,1
44686,98,0,10,0,1
44708,103,0,16,0,3
44730,117,0,15,0,3
44753,113,0,11,0,5
44774,127,0,9,0,1
44796,127,21,8,0,0
44819,188,84,8,0,0
44840,200,169,28,0,2
44865,202,171,36,0,124
44891,199,184,30,0,120
44918,199,184,28,0,122
44944,196,162,26,0,116
44971,132,164,0,0,0
44995,119,49,0,0,0
45017,112,0,0,0,0
45038,108,0,3,0,0
45059,107,0,0,0,3
45081,105,0,4,0,3
45101,102,0,12,0,2
45124,107,0,14,0,2
45146,109,0,16,0,3
45168,105,0,12,0,3
45190,104,0,13,0,3
45213,115,0,10,0,5
45234,123,64,8,0,0
45257,175,154,9,0,1
45280,200,159,28,0,3
45305,201,178,34,0,117
45332,203,185,35,0,122
45358,201,185,31,0,119
45385,198,170,23,0,115
45411,137,47,0,0,0
45433,123,33,0,0,0
45455,123,46,0,0,0
45478,110,0,3,0,0
45499,110,0,0,0,3
45520,111,0,1,0,3
45541,103,0,4,0,2
45562,106,0,10,0,3
45584,106,0,13,0,3
45607,96,0,11,0,3
45628,103,0,8,0,5
45649,115,2,10,0,1
45672,129,22,8,0,0
45694,187,75,14,0,0
45718,198,167,28,0,0
45741,201,193,30,0,84
45767,200,186,31,0,108
45793,197,182,30,0,109
45820,184,187,25,0,0
45845,138,159,0,0,0
45868,126,82,0,0,0
45891,123,0,0,0,0
45911,124,11,2,0,0
45934,115,0,3,0,0
45955,119,0,0,0,3
45976,123,0,0,0,2
45997,122,0,7,0,3
46019,113,0,11,0,2
46040,115,0,14,0,1
46063,117,0,12,0,0
46085,128,0,9,0,1
46106,131,31,8,0,0
46128,142,67,9,0,0
46151,200,83,28,0,0
46174,208,179,30,0,0
46199,214,188,44,0,132
46225,207,194,32,0,107
46251,207,194,28,0,15
46277,191,172,18,0,76
46302,144,158,0,0,1
46326,132,50,4,0,0
46348,128,0,0,0,0
46369,125,0,2,0,0
46390,132,0,3,0,0
46412,123,0,0,0,2
46432,123,0,0,0,3
46454,123,0,7,0,2
46475,125,0,11,0,2
46497,127,0,11,0,0
46519,130,4,9,0,0
46541,138,135,8,0,0
46564,142,149,8,0,0
46587,201,163,15,0,1
46612,211,168,34,0,0
46636,218,173,42,0,125
46663,213,187,31,0,109
46689,209,185,27,0,11
46715,209,169,25,0,11
46741,188,155,9,0,1
46764,145,159,0,0,0
46787,135,141,5,0,0
46810,127,4,0,0,0
46832,133,3,3,0,2
46852,135,0,0,0,3
46874,121,0,0,0,2
46895,123,0,0,0,2
46916,125,0,11,0,2
46938,127,2,11,0,2
46961,128,3,12,0,4
46983,131,5,9,0,0
47004,139,137,7,0,0
47027,148,164,8,0,0
47051,207,158,17,0,2
47075,216,168,32,0,0
47100,217,201,39,0,133
47127,211,173,25,0,120
47153,210,173,26,0,121
47180,198,181,12,0,113
47205,149,158,4,0,0
47229,145,150,5,0,0
47253,140,138,0,0,0
47276,138,3,1,0,3
47297,131,0,4,0,2
47318,124,0,0,0,3
47340,121,54,2,0,1
47361,110,0,9,0,2
47383,114,127,11,0,3
47407,114,60,11,0,4
47431,120,71,9,0,3
47452,130,9,7,0,3
47474,138,138,8,0,0
47497,201,141,21,0,1
47522,204,156,33,0,4
47546,211,175,40,0,101
47573,209,200,30,0,99
47599,210,201,28,0,16
47624,207,110,28,0,0
47648,180,157,14,0,0
47672,144,127,4,0,0
47696,132,6,4,0,0
47717,132,1,0,0,0
47738,130,0,1,0,2
47759,132,0,0,0,2
47781,119,0,0,0,3
47801,116,0,10,0,1
47824,118,0,12,0,4
47846,119,0,11,0,3
47868,127,0,11,0,3
47891,127,129,7,0,4
47914,135,0,6,0,2
47936,144,139,8,0,3
47958,200,139,20,0,2
47983,209,168,33,0,2
48007,215,173,43,0,21
48033,214,214,39,0,121
48059,209,197,36,0,95
48085,209,206,26,0,0
48110,204,184,22,0,0
48134,144,135,2,0,0
48157,132,17,5,0,0
48179,131,3,0,0,0
48201,129,0,1,0,2
48221,131,0,4,0,2
48243,120,0,0,0,1
48264,122,53,0,0,0
48286,123,39,12,0,0
48309,126,0,10,0,2
48332,134,2,11,0,5
48354,139,101,3,0,3
48377,141,140,4,0,0
48400,203,155,14,0,0
48425,210,158,32,0,1
48450,217,174,56,0,0
48474,214,210,42,0,13
48500,211,190,30,0,0
48524,211,199,33,0,0
48549,208,162,27,0,1
48572,183,142,11,0,1
48597,138,149,4,0,1
48621,137,138,0,0,0
48644,134,127,2,0,3
48668,129,0,0,0,2
48688,121,0,0,0,1
48710,122,0,0,0,1
48731,124,0,7,0,3
48752,125,0,11,0,3
48774,133,2,10,0,5
48797,134,86,0,0,3
48818,135,139,3,0,3
48842,201,148,11,0,3
48866,211,160,27,0,2
48891,215,179,38,0,0
48916,218,190,43,0,18
48941,214,192,32,0,17
48967,215,176,31,0,114
48993,208,178,24,0,1
49017,148,154,4,0,0
49040,139,140,2,0,0
49064,135,139,0,0,3
49088,134,116,1,0,3
49111,129,0,2,0,3
49132,123,129,0,0,3
49155,120,0,0,0,3
49177,121,0,11,0,3
49198,123,136,10,0,3
49223,124,132,9,0,3
49246,126,135,4,0,6
49270,132,139,4,0,4
49293,199,141,8,0,3
49316,209,158,28,0,2
49340,215,169,40,0,2
49365,215,178,48,0,126
49392,213,175,34,0,124
49418,210,172,25,0,125
49445,208,166,25,0,114
49472,153,142,5,0,1
49495,143,149,3,0,0
49519,136,138,0,0,0
49541,131,3,0,0,3
49563,126,2,2,0,2
49584,131,0,3,0,0
49605,120,0,2,0,3
49626,121,0,0,0,3
49648,122,0,9,0,2
49668,123,2,10,0,1
49691,134,2,3,0,6
49712,131,0,4,0,3
49733,136,138,4,0,3
49756,206,159,15,0,2
49781,213,167,32,0,0
49805,217,194,38,0,0
49830,217,179,37,0,10
49856,215,177,32,0,9
49879,215,173,29,0,0
49904,206,163,26,0,1
49928,154,158,5,0,0
49952,142,142,4,0,1
49975,134,97,0,0,1
49997,132,2,1,0,2
50018,135,1,3,0,2
50040,128,0,2,0,2
50060,119,0,0,0,1
50082,121,0,14,0,1
50104,122,2,12,0,2
50126,134,2,10,0,1
50148,129,0,3,0,2
50170,135,139,4,0,0
50193,153,145,4,0,0
50216,205,158,14,0,0
50241,208,195,29,0,84
50266,215,190,37,0,4
50291,212,194,28,0,118
50317,213,192,25,0,105
50344,211,186,27,0,104
50371,151,164,9,0,0
50394,148,158,0,0,0
50418,139,140,0,0,0
50440,133,140,0,0,0
50464,129,0,2,0,0
50485,131,2,2,0,0
50506,131,0,0,0,0
50527,133,0,0,0,0
50549,132,2,14,0,3
50570,134,2,10,0,1
50593,135,0,5,0,0
50614,131,1,4,0,0
50635,140,139,4,0,0
50658,187,156,7,0,0
50682,206,169,25,0,0
50707,215,206,33,0,0
50731,216,187,48,0,119
50758,213,188,30,0,105
50784,213,184,30,0,118
50811,206,179,26,0,80
50837,149,158,14,0,0
50861,143,147,2,0,0
50884,131,143,0,0,0
50907,132,138,3,0,0
50931,131,2,3,0,0
50951,133,0,6,0,0
50973,133,0,3,0,0
50994,135,2,12,0,2
51016,137,2,6,0,0
51037,131,1,1,0,0
51059,133,1,0,0,1
51079,141,140,0,0,0
51103,198,161,15,0,0
51127,211,176,31,0,0
51152,218,192,60,0,0
51177,218,190,48,0,122
51203,215,190,34,0,119
51230,214,186,27,0,116
51256,204,174,25,0,73
51282,147,156,13,0,0
51307,137,157,0,0,0
51329,132,142,0,0,0
51353,128,95,2,0,0
51375,130,0,4,0,0
51396,123,0,0,0,0
51417,117,0,0,0,0
51439,116,2,13,0,0
51460,126,2,14,0,2
51483,133,4,10,0,0
51505,130,1,7,0,0
51527,131,1,4,0,0
51547,141,146,5,0,0
51571,199,159,23,0,0
51595,213,167,33,0,0
51620,216,200,47,0,128
51647,213,182,35,0,121
51673,211,191,26,0,118
51700,207,189,24,0,102
51726,146,166,21,0,1
51751,144,158,10,0,0
51775,126,144,0,0,0
51798,123,1,2,0,0
51820,123,0,3,0,0
51840,107,0,11,0,0
51863,93,0,14,0,0
51884,93,123,13,0,0
51908,99,0,15,0,0
51928,107,0,11,0,0
51951,109,0,15,0,0
51973,112,0,19,0,3
51995,179,0,19,0,2
52017,185,0,26,0,0
52040,186,1,22,0,0
52062,164,2,26,0,0
52084,115,2,26,0,0
52106,115,0,26,0,0
52129,113,1,23,0,0
52151,111,0,15,0,0
52173,117,0,11,0,0
52195,114,1,12,0,0
52218,112,0,5,0,0
52238,109,0,3,0,0
52260,97,0,11,0,0
52281,100,0,10,0,0
52303,106,0,15,0,0
52325,106,0,11,0,0
52348,110,0,8,0,0
52368,103,1,19,0,3
52391,107,1,19,0,3
52414,172,0,23,0,3
52436,189,7,26,0,3
52458,192,84,26,0,0
52481,190,58,21,0,0
52505,183,51,20,0,0
52528,170,7,20,0,0
52551,111,137,22,0,0
52574,109,18,18,0,0
52598,117,17,16,0,0
52621,113,13,7,0,3
52644,112,0,5,0,4
52664,110,0,4,0,3
52686,108,0,3,0,0
52707,109,0,3,0,0
52728,111,0,4,0,4
52749,113,0,6,0,1
52771,115,1,7,0,4
52791,108,1,16,0,4
52814,113,0,17,0,5
52836,165,0,21,0,5
52858,193,90,22,0,111
52884,195,95,25,0,0
52907,188,111,18,0,0
52932,161,87,20,0,0
52955,115,46,19,0,0
52979,113,135,17,0,0
53003,109,139,12,0,0
53027,113,18,3,0,0
53049,115,18,3,0,0
53072,114,18,3,0,3
53093,114,17,3,0,0
53116,113,17,10,0,0
53140,113,17,14,0,0
53163,115,0,10,0,0
53186,115,2,7,0,0
53206,116,0,4,0,0
53228,112,0,11,0,1
53250,115,132,21,0,4
53274,183,155,18,0,1
53298,199,171,26,0,1
53323,197,167,21,0,111
53349,187,166,19,0,1
53374,120,165,20,0,100
53401,118,162,15,0,0
53425,116,142,14,0,0
53450,112,138,6,0,0
53473,119,139,3,0,0
53496,116,39,3,0,0
53518,114,28,5,0,0
53541,111,21,4,0,0
53562,111,13,4,0,0
53585,112,13,12,0,0
53609,114,11,12,0,0
53632,116,2,11,0,0
53654,118,1,4,0,9
53675,113,3,5,0,64
53698,116,39,17,0,1
53721,122,131,21,0,2
53746,172,142,21,0,122
53772,190,151,22,0,128
53799,130,140,20,0,125
53826,123,138,20,0,105
53852,120,138,16,0,0
53876,117,137,14,0,2
53900,115,99,11,0,0
53924,119,13,6,0,0
53946,118,0,3,0,0
53967,111,0,2,0,0
53988,108,0,5,0,0
54010,113,0,10,0,0
54031,117,0,12,0,0
54054,119,0,10,0,0
54076,114,2,18,0,1
54099,118,59,19,0,5
54122,167,133,23,0,5
54146,135,149,19,0,0
54171,125,146,9,0,1
54194,123,143,16,0,1
54219,121,149,17,0,1
54243,119,138,15,0,1
54268,116,139,15,0,0
54292,123,141,14,0,0
54316,118,142,5,0,0
54340,117,12,3,0,0
54362,115,0,3,0,0
54383,114,0,6,0,0
54404,115,4,10,0,0
54427,117,7,11,0,0
54448,119,13,6,0,0
54471,113,0,11,0,0
54493,115,1,15,0,1
54516,117,143,19,0,105
54542,121,154,26,0,123
54569,126,157,27,0,123
54596,126,159,20,0,106
54622,123,159,21,0,106
54649,122,153,19,0,88
54675,118,138,15,0,1
54698,115,42,13,0,0
54722,119,40,12,0,0
54745,118,35,4,0,0
54768,111,12,3,0,0
54789,109,9,4,0,0
54811,106,10,4,0,0
54833,107,12,10,0,0
54857,113,12,10,0,0
54879,115,15,12,0,0
54903,109,0,14,0,0
54925,115,134,16,0,0
54950,120,142,17,0,2
54975,123,155,16,0,1
54999,124,145,8,0,1
55022,123,139,10,0,1
55046,119,139,9,0,2
55070,116,142,4,0,2
55093,112,32,4,0,0
55115,109,31,5,0,0
55137,111,31,5,0,0
55160,112,24,4,0,0
55182,113,0,3,0,0
55203,103,0,5,0,0
55224,96,0,4,0,0
55244,103,0,10,0,0
55266,103,12,10,0,0
55290,110,12,12,0,0
55313,105,0,17,0,0
55336,107,0,18,0,2
55358,111,0,18,0,6
55380,116,137,24,0,6
55405,119,138,24,0,2
55429,116,141,19,0,2
55454,114,141,19,0,2
55478,111,141,17,0,2
55502,107,141,19,0,0
55526,113,30,16,0,0
55550,111,37,6,0,0
55573,101,0,5,0,0
55593,103,0,4,0,0
55615,98,0,4,0,0
55635,99,0,3,0,0
55654,103,0,10,0,0
55677,103,0,6,0,0
55699,105,0,8,0,0
55719,106,0,17,0,0
55742,107,0,24,0,1
55764,111,0,24,0,3
55786,182,0,28,0,3
55808,191,0,34,0,4
55831,193,109,35,0,3
55855,189,138,33,0,0
55880,181,139,31,0,0
55904,115,141,30,0,0
55928,112,22,25,0,0
55951,115,0,22,0,0
55974,113,0,21,0,1
55996,111,11,8,0,0
56018,106,0,6,0,0
56040,99,0,2,0,0
56059,95,0,9,0,0
56079,95,0,6,0,0
56100,97,0,5,0,0
56119,102,0,10,0,0
56142,103,0,10,0,0
56164,111,0,7,0,0
56185,119,3,17,0,3
56207,114,3,18,0,0
56230,191,0,26,0,2
56252,193,0,29,0,4
56274,193,2,28,0,3
56297,191,2,29,0,2
56319,183,27,26,0,3
56343,118,24,26,0,0
56365,113,22,19,0,0
56389,119,21,18,0,0
56412,113,22,14,0,0
56436,105,0,3,0,0
56456,104,0,3,0,0
56478,102,0,2,0,0
56499,99,9,0,0,0
56519,100,0,6,0,0
56540,101,0,6,0,0
56562,107,1,4,0,0
56582,105,2,6,0,2
56604,118,2,13,0,2
56626,123,0,16,0,3
56648,119,0,25,0,2
56670,169,26,24,0,3
56694,170,0,23,0,4
56716,129,1,19,0,3
56738,128,0,14,0,4
56760,126,1,15,0,2
56783,124,0,11,0,0
56804,118,0,10,0,0
56827,108,21,4,0,0
56849,104,0,4,0,0
56871,103,0,3,0,0
56891,101,0,4,0,0
56913,95,0,6,0,0
56932,97,0,6,0,0
56953,97,0,9,0,0
56973,109,0,10,0,0
56995,112,1,10,0,0
57017,116,2,10,0,3
57040,121,2,17,0,3
57061,125,0,21,0,3
57084,193,0,35,0,3
57107,193,8,36,0,3
57129,190,13,34,0,0
57152,187,12,33,0,0
57175,119,7,32,0,0
57198,124,0,32,0,0
57220,121,16,20,0,3
57243,116,3,15,0,3
57265,112,0,7,0,2
57287,110,0,4,0,0
57307,103,0,3,0,0
57329,103,0,10,0,0
57351,103,2,11,0,0
57374,108,0,16,0,0
57395,109,2,10,0,0
57418,113,3,8,0,0
57439,116,3,17,0,3
57461,119,0,19,0,3
57483,117,0,21,0,5
57506,128,0,27,0,5
57528,128,11,27,0,5
57551,121,8,19,0,0
57573,119,7,18,0,0
57596,126,5,19,0,0
57619,122,8,20,0,0
57640,119,11,16,0,0
57664,114,0,14,0,2
57686,111,1,6,0,0
57707,109,0,3,0,0
57728,104,92,2,0,0
57751,98,0,0,0,0
57770,98,0,5,0,0
57791,102,0,10,0,0
57813,109,0,7,0,0
57834,113,0,11,0,0
57856,114,0,25,0,3
57879,119,0,29,0,3
57900,167,0,35,0,2
57923,189,0,36,0,4
57945,193,0,37,0,5
57968,180,12,34,0,3
57990,125,11,36,0,4
58014,123,9,31,0,3
58036,119,2,20,0,3
58059,116,3,18,0,4
58080,112,86,9,0,2
58125,101,0,4,0,0
58146,101,0,3,0,0
58167,98,103,5,0,0
58190,100,0,6,0,0
58210,105,0,6,0,0
58232,111,0,12,0,0
58254,113,0,10,0,1
58277,118,0,18,0,3
58298,122,0,24,0,5
58321,180,0,22,0,5
58344,186,0,21,0,5
58365,121,0,17,0,5
58388,118,0,17,0,4
58410,119,0,18,0,3
58433,113,3,7,0,4
58453,115,0,5,0,3
58475,112,0,3,0,0
58496,110,0,3,0,0
58517,105,0,3,0,0
58538,104,0,4,0,0
58559,97,0,4,0,0
58579,97,0,6,0,0
58600,97,0,10,0,0
58620,104,2,12,0,0
58643,112,2,12,0,0
58665,115,2,11,0,1
58688,119,3,7,0,17
58709,116,2,16,0,94
58733,120,2,17,0,85
58756,119,0,16,0,98
58780,119,0,17,0,5
58801,123,0,17,0,5
58824,121,3,17,0,3
58846,118,2,17,0,2
58868,116,1,8,0,3
58889,113,1,5,0,1
58911,107,0,5,0,0
58931,101,114,2,0,0
